Date,00:00,00:30,01:00,01:30,02:00,02:30,03:00,03:30,04:00,04:30,05:00,05:30,06:00,06:30,07:00,07:30,08:00,08:30,09:00,09:30,10:00,10:30,11:00,11:30,12:00,12:30,13:00,13:30,14:00,14:30,15:00,15:30,16:00,16:30,17:00,17:30,18:00,18:30,19:00,19:30,20:00,20:30,21:00,21:30,22:00,22:30,23:00,23:30,
08/11/2022,0.04,0.01,0.01,0.04,0.02,0.01,0.01,0.05,0.01,0.01,0.03,0.04,0.01,0.01,0.04,0.02,0.01,0.01,0.06,0.01,0.32,0.1,0.15,0.05,0.07,0.1,0.01,0.01,0.05,0.09,0.01,0.06,0.07,0.06,0.58,0.05,0.1,0.02,0.1,0.07,0.06,0.09,0.13,0.03,0.02,0.01,0.05,0.03,
09/11/2022,0.01,0.01,0.03,0.05,0.01,0.01,0.01,0.05,0.03,0.01,0.01,0.03,0.05,0.01,0.01,0.01,0.04,0.03,0.16,0.07,0.1,0.04,0.01,0.01,0.05,0.02,0.01,0.01,0.04,0.03,0.01,0.01,0.03,0.05,0.01,0.01,0.01,0.05,0.52,0.09,0.04,0.13,0.04,0.01,0.02,0.04,0.05,0.01,
10/11/2022,0.01,0.01,0.05,0.02,0.01,0.01,0.04,0.04,0.01,0.01,0.02,0.05,0.02,0.01,0.01,0.04,0.04,0.01,0.01,0.02,0.05,0.08,0.29,0.09,0.08,0.05,0.17,0.03,0.05,0.11,0.01,0.05,0.05,0.05,0.4,0.07,0.09,0.08,0.02,0.09,0.01,0.03,0.05,0.04,0.01,0.01,0.01,0.05,
11/11/2022,0.06,0.01,0.02,0.06,0.05,0.04,0.01,0.01,0.01,0.05,0.05,0.01,0.01,0.01,0.09,0.12,0.02,0.01,0.01,0.04,0.04,0.01,0.01,0.02,0.05,0.02,0.01,0.01,0.04,0.04,0.01,0.01,0.02,0.05,0.02,0.22,0.72,0.16,0.06,0.06,0.08,0.08,0.21,0.16,0.13,0.03,0.01,0.01,
12/11/2022,0.04,0.06,0.05,0.05,0.05,0.05,0.05,0.05,0.03,0.01,0.01,0.01,0.03,0.05,0.05,0.05,0.02,0.01,0.01,0.01,0.06,0.13,0.34,0.84,0.41,0.04,0.05,0.03,0.01,0.19,0.17,0.01,0.04,0.21,1.06,0.23,0.17,0.05,0.01,0.05,0.01,0.09,0.14,0.1,0.02,0.03,0.01,0.03,
13/11/2022,0.03,0.01,0.02,0.04,0.01,0.02,0.04,0.01,0.02,0.04,0.01,0.01,0.04,0.01,0.01,0.04,0.01,0.01,0.04,0.02,0.02,0.04,0.05,0.35,0.09,0.01,0.04,0.01,0.13,0.01,0.02,0.03,0.08,0.08,0.09,0.1,0.15,0.06,0.04,0.03,0.02,0.07,0.03,0.01,0.02,0.04,0.01,0.02,
14/11/2022,0.03,0.01,0.02,0.03,0.01,0.02,0.04,0.01,0.01,0.04,0.01,0.01,0.04,0.01,0.01,0.04,0.01,0.01,0.04,0.15,0.09,0.08,0.15,0.14,0.03,0.02,0.03,0.08,0.03,0.11,0.01,0.05,0.1,0.08,0.1,0.05,0.05,0.01,0.01,0.01,0.04,0.05,0.02,0.01,0.01,0.03,0.05,0.01,
15/11/2022,0.01,0.01,0.04,0.05,0.01,0.01,0.01,0.04,0.04,0.01,0.01,0.01,0.04,0.04,0.01,0.01,0.01,0.05,0.03,0.01,0.01,0.02,0.06,0.26,0.07,0.05,0.02,0.11,0.02,0.01,0.06,0.1,0.03,0.01,0.01,0.09,0.2,0.06,0.02,0.08,0.2,0.13,0.1,0.03,0.02,0.05,0.02,0.01,
16/11/2022,0.01,0.04,0.04,0.01,0.01,0.01,0.05,0.03,0.01,0.01,0.02,0.05,0.01,0.01,0.01,0.03,0.04,0.01,0.01,0.01,0.05,0.06,0.34,0.02,0.09,0.06,0.04,0.09,0.05,0.03,0.01,0.01,0.04,0.12,0.16,0.07,0.07,0.06,0.07,0.01,0.02,0.06,0.03,0.01,0.01,0.08,0.04,0.01,
17/11/2022,0.01,0.02,0.05,0.01,0.01,0.01,0.05,0.03,0.01,0.01,0.02,0.05,0.02,0.01,0.01,0.04,0.04,0.01,0.01,0.01,0.06,0.03,0.01,0.01,0.54,0.43,0.07,0.05,0.04,0.06,0.09,0.01,0.01,0.43,0.67,0.06,0.17,0.06,0.03,0.01,0.03,0.06,0.01,0.01,0.01,0.05,0.03,0.01,
18/11/2022,0.01,0.02,0.05,0.01,0.01,0.01,0.03,0.05,0.01,0.01,0.01,0.04,0.04,0.01,0.01,0.01,0.04,0.04,0.01,0.04,0.09,0.4,0.56,0.02,0.01,0.01,0.03,0.05,0.01,0.01,0.11,0.1,0.1,0.07,0.92,0.53,0.45,0.12,0.18,0.05,0.05,0.05,0.05,0.17,0.13,0.03,0.01,0.01,
19/11/2022,0.04,0.05,0.04,0.01,0.01,0.01,0.04,0.05,0.03,0.01,0.01,0.01,0.03,0.05,0.03,0.01,0.01,0.01,0.04,0.05,0.02,0.07,0.38,0.09,0.09,0.1,0.03,0.01,0.04,0.04,0.01,0.02,0.1,0.13,0.1,0.18,0.1,0.11,0.11,0.19,0.05,0.02,0.02,0.03,0.05,0.02,0.01,0.05,
20/11/2022,0.04,0.04,0.01,0.01,0.01,0.04,0.04,0.01,0.01,0.01,0.03,0.05,0.01,0.01,0.01,0.02,0.05,0.02,0.01,0.01,0.01,0.05,0.04,0.28,0.79,0.02,0.05,0.03,0.04,0.12,0.07,0.1,0.05,0.04,0.04,0.12,0.13,0.08,0.1,0.11,0.12,0.2,0.11,0.08,0.03,0.03,0.05,0.01,
21/11/2022,0.01,0.01,0.02,0.05,0.02,0.01,0.01,0.01,0.05,0.03,0.01,0.01,0.01,0.06,0.18,0.02,0.01,0.01,0.01,0.05,0.02,0.01,0.01,0.01,0.03,0.05,0.01,0.01,0.01,0.01,0.04,0.04,0.01,0.01,0.01,0.01,0.04,0.4,0.11,0.02,0.1,0.11,0.2,0.1,0.01,0.01,0.01,0.03,
22/11/2022,0.05,0.01,0.01,0.01,0.02,0.05,0.04,0.01,0.01,0.01,0.01,0.05,0.03,0.01,0.01,0.01,0.01,0.05,0.03,0.01,0.01,0.01,0.02,0.05,0.02,0.16,0.01,0.01,0.04,0.05,0.06,0.12,0.06,0.07,0.08,0.61,0.69,0.06,0.01,0.01,0.03,0.05,0.02,0.01,0.01,0.01,0.03,0.05,
23/11/2022,0.01,0.01,0.01,0.01,0.04,0.05,0.01,0.01,0.01,0.01,0.04,0.07,0.02,0.01,0.03,0.05,0.05,0.01,0.01,0.01,0.02,0.04,0.07,0.33,0.05,0.06,0.07,0.13,0.03,0.01,0.01,0.01,0.06,0.09,0.06,0.05,0.36,0.14,0.05,0.01,0.07,0.01,0.04,0.1,0.07,0.04,0.01,0.01,
24/11/2022,0.04,0.05,0.01,0.01,0.01,0.01,0.04,0.04,0.01,0.01,0.01,0.01,0.05,0.03,0.01,0.01,0.01,0.02,0.05,0.03,0.02,0.02,0.01,0.38,0.05,0.1,0.01,0.01,0.12,0.09,0.04,0.04,0.03,0.02,0.41,0.47,0.36,0.09,0.05,0.02,0.08,0.07,0.16,0.07,0.02,0.02,0.04,0.02,
25/11/2022,0.01,0.01,0.03,0.04,0.01,0.01,0.01,0.02,0.05,0.02,0.01,0.01,0.01,0.03,0.05,0.01,0.01,0.01,0.01,0.04,0.14,0.05,0.32,0.02,0.01,0.03,0.05,0.01,0.01,0.01,0.01,0.02,0.57,0.04,0.03,0.06,0.2,0.09,0.04,0.01,0.01,0.01,0.01,0.05,0.03,0.01,0.02,0.02,
26/11/2022,0.01,0.05,0.04,0.01,0.01,0.01,0.01,0.04,0.04,0.01,0.01,0.01,0.01,0.04,0.05,0.01,0.01,0.01,0.01,0.03,0.05,0.01,0.04,0.32,0.03,0.05,0.01,0.14,0.06,0.06,0.1,0.1,0.01,0.01,0.09,0.19,0.19,0.11,0.1,0.03,0.02,0.05,0.03,0.01,0.02,0.02,0.06,0.03,
27/11/2022,0.01,0.01,0.01,0.04,0.04,0.01,0.01,0.01,0.02,0.05,0.02,0.01,0.01,0.01,0.04,0.04,0.01,0.01,0.01,0.01,0.05,0.04,0.02,0.76,0.08,0.06,0.02,0.08,0.05,0.18,0.05,0.03,0.02,0.01,0.01,0.02,0.14,0.23,0.14,0.11,0.11,0.16,0.06,0.06,0.03,0.03,0.08,0.05,
28/11/2022,0.05,0.03,0.01,0.01,0.01,0.01,0.05,0.05,0.02,0.01,0.01,0.01,0.03,0.05,0.21,0.03,0.01,0.01,0.03,0.05,0.01,0.01,0.01,0.01,0.05,0.04,0.01,0.01,0.01,0.02,0.05,0.03,0.01,0.01,0.01,0.03,0.05,0.02,0.01,0.01,0.01,0.04,0.05,0.01,0.01,0.01,0.12,0.04,
29/11/2022,0.01,0.01,0.01,0.02,0.05,0.02,0.01,0.01,0.01,0.03,0.05,0.01,0.01,0.01,0.01,0.04,0.04,0.01,0.01,0.01,0.01,0.05,0.03,0.27,0.66,0.04,0.05,0.09,0.02,0.01,0.03,0.16,0.06,0.06,0.04,0.34,0.07,0.03,0.05,0.09,0.01,0.13,0.04,0.01,0.01,0.01,0.02,0.05,
30/11/2022,0.02,0.01,0.02,0.01,0.04,0.04,0.01,0.01,0.01,0.01,0.05,0.03,0.01,0.01,0.01,0.02,0.05,0.02,0.01,0.01,0.01,0.03,0.05,0.25,0.77,0.73,1.01,0.08,0.01,0.01,0.02,0.11,0.03,0.1,0.5,0.54,0.23,0.19,0.04,0.03,0.04,0.07,0.03,0.04,0.01,0.01,0.01,0.05,
01/12/2022,0.03,0.01,0.01,0.01,0.04,0.04,0.01,0.01,0.01,0.01,0.05,0.03,0.01,0.01,0.15,0.1,0.03,0.01,0.01,0.01,0.03,0.05,0.02,0.01,0.01,0.01,0.03,0.05,0.02,0.01,0.01,0.01,0.03,0.05,0.01,0.01,0.01,0.01,0.1,0.11,0.01,0.01,0.02,0.02,0.05,0.03,0.01,0.01,
02/12/2022,0.01,0.01,0.05,0.03,0.01,0.01,0.01,0.01,0.05,0.03,0.01,0.01,0.01,0.01,0.05,0.03,0.01,0.01,0.01,0.01,0.05,0.03,0.01,0.18,0.09,0.07,0.16,0.03,0.01,0.03,0.1,0.19,0.11,0.11,0.53,0.23,0.21,0.13,0.09,0.11,0.11,0.08,0.05,0.01,0.02,0.02,0.01,0.05,
03/12/2022,0.03,0.01,0.01,0.01,0.02,0.05,0.02,0.01,0.01,0.01,0.03,0.05,0.01,0.01,0.01,0.01,0.04,0.04,0.01,0.01,0.01,0.01,0.05,0.06,0.07,0.22,0.88,1.33,0.88,0.03,0.01,0.01,0.09,0.14,0.58,0.09,0.16,0.07,0.01,0.01,0.01,0.03,0.09,0.02,0.01,0.02,0.02,0.05,
04/12/2022,0.02,0.01,0.01,0.01,0.05,0.03,0.01,0.01,0.01,0.03,0.05,0.01,0.01,0.01,0.01,0.05,0.03,0.01,0.01,0.01,0.03,0.05,0.12,0.03,0.04,0.09,0.08,0.01,0.01,0.01,0.01,0.05,0.03,0.01,0.01,0.01,0.03,0.05,0.01,0.01,0.01,0.01,0.04,0.04,0.01,0.01,0.01,0.01,
05/12/2022,0.04,0.04,0.01,0.01,0.01,0.01,0.05,0.03,0.01,0.01,0.01,0.01,0.05,0.03,0.01,0.01,0.01,0.01,0.05,0.03,0.01,0.01,0.01,0.01,0.05,0.03,0.01,0.01,0.01,0.01,0.05,0.03,0.01,0.01,0.01,0.01,0.05,0.03,0.01,0.01,0.01,0.01,0.05,0.03,0.01,0.01,0.01,0.01,
06/12/2022,0.05,0.03,0.01,0.01,0.01,0.01,0.05,0.03,0.01,0.01,0.01,0.01,0.05,0.03,0.01,0.01,0.01,0.01,0.05,0.04,0.01,0.01,0.01,0.01,0.04,0.04,0.01,0.01,0.01,0.01,0.04,0.05,0.01,0.01,0.01,0.01,0.03,0.05,0.01,0.01,0.01,0.01,0.03,0.05,0.02,0.01,0.01,0.01,
07/12/2022,0.02,0.05,0.02,0.01,0.01,0.01,0.01,0.05,0.03,0.01,0.01,0.01,0.01,0.04,0.04,0.01,0.01,0.01,0.01,0.03,0.05,0.02,0.01,0.01,0.01,0.01,0.05,0.07,0.01,0.01,0.01,0.03,0.05,0.04,0.01,0.01,0.01,0.01,0.02,0.05,0.03,0.01,0.01,0.01,0.01,0.04,0.05,0.01,
08/12/2022,0.01,0.01,0.01,0.01,0.05,0.03,0.01,0.01,0.01,0.01,0.03,0.05,0.02,0.01,0.01,0.01,0.01,0.04,0.02,0.01,0.01,0.01,0.04,0.05,0.01,0.01,0.01,0.01,0.01,0.05,0.01,0.01,0.01,0.01,0.05,0.03,0.01,0.01,0.01,0.01,0.02,0.04,0.01,0.01,0.01,0.01,0.05,0.03,
09/12/2022,0.01,0.01,0.01,0.01,0.03,0.03,0.01,0.01,0.01,0.01,0.05,0.03,0.01,0.01,0.01,0.01,0.03,0.03,0.01,0.01,0.01,0.01,0.04,0.04,0.01,0.01,0.01,0.01,0.01,0.04,0.01,0.01,0.01,0.01,0.03,0.05,0.02,0.01,0.01,0.01,0.01,0.04,0.02,0.01,0.02,0.01,0.04,0.05,
10/12/2022,0.02,0.01,0.01,0.01,0.01,0.04,0.02,0.01,0.01,0.01,0.01,0.05,0.03,0.01,0.01,0.01,0.01,0.02,0.03,0.01,0.01,0.01,0.01,0.02,0.39,0.31,1.08,0.04,0.04,0.05,0.01,0.1,0.04,0.01,0.01,0.05,0.01,0.01,0.07,0.01,0.02,0.05,0.02,0.01,0.01,0.01,0.01,0.04,
11/12/2022,0.03,0.02,0.01,0.01,0.01,0.04,0.02,0.01,0.01,0.01,0.01,0.03,0.03,0.01,0.01,0.01,0.01,0.04,0.05,0.01,0.01,0.01,0.03,0.14,0.29,0.02,0.12,0.01,0.01,0.13,0.07,0.05,0.04,0.03,0.43,0.7,0.2,0.14,0.04,0.03,0.01,0.01,0.04,0.02,0.01,0.02,0.02,0.01,
12/12/2022,0.05,0.02,0.01,0.01,0.01,0.01,0.03,0.03,0.01,0.01,0.01,0.01,0.03,0.03,0.17,0.02,0.01,0.01,0.03,0.03,0.01,0.01,0.01,0.01,0.03,0.03,0.01,0.01,0.01,0.01,0.03,0.03,0.01,0.01,0.01,0.01,0.03,0.05,0.02,0.01,0.01,0.01,0.17,0.04,0.02,0.01,0.02,0.01,
13/12/2022,0.01,0.04,0.02,0.01,0.01,0.01,0.01,0.04,0.02,0.01,0.01,0.01,0.01,0.03,0.03,0.01,0.01,0.01,0.01,0.03,0.03,0.01,0.01,0.01,0.07,0.24,0.05,0.01,0.01,0.13,0.04,0.05,0.09,0.04,0.04,0.04,0.33,0.1,0.05,0.01,0.01,0.01,0.01,0.01,0.05,0.01,0.02,0.02,
14/12/2022,0.01,0.01,0.05,0.03,0.01,0.01,0.01,0.01,0.03,0.03,0.01,0.01,0.01,0.01,0.13,0.05,0.02,0.01,0.01,0.01,0.02,0.06,0.03,0.01,0.01,0.01,0.04,0.05,0.03,0.01,0.01,0.01,0.01,0.03,0.03,0.01,0.01,0.01,0.01,0.03,0.03,0.09,0.2,0.12,0.11,0.05,0.04,0.01,
15/12/2022,0.01,0.01,0.01,0.01,0.05,0.01,0.01,0.01,0.01,0.01,0.05,0.01,0.01,0.01,0.15,0.04,0.06,0.02,0.01,0.01,0.01,0.01,0.03,0.03,0.01,0.01,0.01,0.01,0.03,0.03,0.01,0.01,0.01,0.01,0.03,0.03,0.01,0.01,0.01,0.01,0.03,0.03,0.01,0.01,0.01,0.01,0.03,0.03,
16/12/2022,0.01,0.01,0.01,0.01,0.02,0.04,0.01,0.01,0.01,0.01,0.02,0.04,0.01,0.01,0.01,0.01,0.02,0.04,0.01,0.01,0.01,0.01,0.02,0.04,0.01,0.01,0.01,0.01,0.02,0.05,0.03,0.01,0.01,0.01,0.01,0.03,0.04,0.04,0.02,0.01,0.39,0.03,0.04,0.02,0.01,0.01,0.01,0.03,
17/12/2022,0.05,0.01,0.01,0.01,0.01,0.01,0.05,0.01,0.01,0.01,0.01,0.01,0.05,0.01,0.01,0.01,0.01,0.01,0.04,0.02,0.01,0.01,0.01,0.38,0.48,1.29,0.2,0.01,0.08,0.01,0.04,0.02,0.01,0.35,0.79,0.29,0.23,0.14,0.12,0.03,0.02,0.01,0.03,0.03,0.01,0.01,0.01,0.01,
18/12/2022,0.05,0.03,0.01,0.01,0.01,0.01,0.02,0.04,0.01,0.01,0.01,0.01,0.02,0.04,0.01,0.01,0.02,0.02,0.04,0.05,0.01,0.32,0.03,0.14,0.03,0.05,0.02,0.09,0.67,0.42,0.03,0.05,0.01,0.07,0.22,0.12,0.16,0.12,0.11,0.13,0.07,0.02,0.05,0.02,0.01,0.01,0.01,0.01,
19/12/2022,0.04,0.02,0.01,0.01,0.01,0.01,0.04,0.02,0.01,0.01,0.01,0.01,0.05,0.04,0.17,0.02,0.01,0.01,0.02,0.04,0.01,0.01,0.01,0.01,0.02,0.05,0.03,0.01,0.01,0.01,0.01,0.03,0.03,0.01,0.01,0.01,0.01,0.03,0.03,0.01,0.02,0.05,0.02,0.28,0.04,0.01,0.03,0.02,
20/12/2022,0.02,0.05,0.02,0.01,0.01,0.01,0.01,0.04,0.04,0.01,0.01,0.01,0.01,0.02,0.04,0.01,0.01,0.01,0.01,0.05,0.03,0.01,0.36,0.05,0.64,0.91,0.09,0.05,0.05,0.05,0.04,0.07,0.04,0.01,0.6,0.02,0.04,0.03,0.01,0.01,0.02,0.02,0.04,0.04,0.01,0.01,0.01,0.01,
21/12/2022,0.03,0.05,0.01,0.01,0.01,0.01,0.01,0.05,0.03,0.01,0.01,0.01,0.01,0.03,0.03,0.01,0.01,0.01,0.02,0.05,0.02,0.01,0.02,0.17,0.11,0.05,0.02,0.05,0.04,0.01,0.01,0.01,0.01,0.02,0.04,0.01,0.01,0.01,0.02,0.05,0.02,0.01,0.01,0.01,0.01,0.03,0.03,0.01,
22/12/2022,0.01,0.01,0.03,0.05,0.01,0.01,0.01,0.01,0.01,0.05,0.01,0.01,0.01,0.01,0.05,0.03,0.01,0.01,0.01,0.01,0.02,0.04,0.01,0.01,0.01,0.02,0.05,0.02,0.01,0.01,0.01,0.01,0.06,0.05,0.01,0.01,0.01,0.01,0.02,0.05,0.02,0.01,0.01,0.01,0.01,0.04,0.02,0.01,
23/12/2022,0.01,0.01,0.03,0.05,0.01,0.01,0.01,0.01,0.01,0.05,0.01,0.01,0.01,0.01,0.05,0.03,0.01,0.01,0.01,0.01,0.02,0.03,0.01,0.01,0.01,0.03,0.05,0.02,0.01,0.01,0.01,0.01,0.05,0.03,0.01,0.01,0.01,0.01,0.02,0.04,0.01,0.01,0.01,0.03,0.05,0.02,0.01,0.01,
24/12/2022,0.01,0.01,0.05,0.03,0.01,0.01,0.01,0.01,0.03,0.05,0.01,0.01,0.01,0.01,0.01,0.05,0.01,0.01,0.01,0.01,0.05,0.03,0.01,0.01,0.01,0.01,0.03,0.05,0.01,0.01,0.01,0.01,0.01,0.05,0.03,0.01,0.01,0.01,0.01,0.03,0.05,0.01,0.01,0.01,0.01,0.01,0.05,0.03,
25/12/2022,0.01,0.01,0.01,0.01,0.03,0.05,0.01,0.01,0.01,0.01,0.01,0.05,0.03,0.01,0.01,0.01,0.01,0.03,0.05,0.01,0.01,0.01,0.01,0.01,0.05,0.03,0.01,0.01,0.01,0.01,0.03,0.05,0.01,0.01,0.01,0.01,0.01,0.05,0.03,0.01,0.01,0.01,0.01,0.03,0.05,0.01,0.01,0.01,
26/12/2022,0.01,0.01,0.05,0.03,0.01,0.01,0.01,0.01,0.03,0.03,0.01,0.01,0.01,0.02,0.05,0.02,0.01,0.01,0.01,0.01,0.04,0.02,0.01,0.01,0.01,0.03,0.04,0.01,0.01,0.01,0.01,0.01,0.05,0.01,0.01,0.01,0.01,0.05,0.03,0.01,0.01,0.01,0.01,0.02,0.03,0.01,0.01,0.01,
27/12/2022,0.01,0.05,0.03,0.01,0.01,0.01,0.01,0.03,0.03,0.01,0.01,0.01,0.02,0.05,0.02,0.01,0.01,0.01,0.01,0.04,0.02,0.01,0.01,0.01,0.02,0.05,0.02,0.01,0.01,0.01,0.01,0.04,0.02,0.01,0.01,0.01,0.02,0.05,0.02,0.01,0.01,0.01,0.01,0.05,0.02,0.03,0.05,0.03,
28/12/2022,0.01,0.01,0.01,0.01,0.02,0.04,0.01,0.01,0.01,0.01,0.05,0.03,0.01,0.01,0.01,0.01,0.02,0.04,0.01,0.01,0.01,0.01,0.04,0.04,0.01,0.01,0.01,0.01,0.02,0.04,0.01,0.01,0.01,0.01,0.04,0.04,0.01,0.01,0.01,0.01,0.02,0.04,0.01,0.01,0.01,0.01,0.04,0.04,
29/12/2022,0.01,0.01,0.01,0.01,0.02,0.04,0.01,0.01,0.01,0.01,0.04,0.05,0.01,0.01,0.01,0.01,0.01,0.05,0.01,0.01,0.01,0.01,0.02,0.05,0.02,0.01,0.01,0.01,0.01,0.04,0.02,0.01,0.01,0.01,0.01,0.05,0.03,0.01,0.01,0.01,0.01,0.03,0.03,0.01,0.01,0.01,0.01,0.04,
30/12/2022,0.04,0.01,0.01,0.01,0.01,0.01,0.05,0.01,0.01,0.01,0.01,0.02,0.05,0.02,0.01,0.01,0.01,0.01,0.04,0.02,0.01,0.01,0.01,0.01,0.05,0.03,0.01,0.01,0.01,0.01,0.03,0.03,0.01,0.01,0.01,0.01,0.04,0.04,0.01,0.01,0.01,0.01,0.02,0.04,0.01,0.01,0.01,0.01,
31/12/2022,0.04,0.04,0.01,0.01,0.01,0.01,0.01,0.05,0.01,0.01,0.01,0.01,0.03,0.05,0.01,0.01,0.01,0.01,0.01,0.05,0.01,0.01,0.01,0.01,0.03,0.05,0.01,0.01,0.01,0.01,0.01,0.05,0.01,0.01,0.01,0.01,0.03,0.05,0.01,0.01,0.01,0.01,0.01,0.05,0.01,0.01,0.01,0.01,
01/01/2023,0.04,0.04,0.01,0.01,0.01,0.01,0.02,0.04,0.01,0.01,0.01,0.01,0.05,0.03,0.01,0.01,0.01,0.01,0.03,0.03,0.01,0.01,0.01,0.03,0.05,0.02,0.01,0.01,0.01,0.01,0.04,0.02,0.01,0.01,0.01,0.04,0.04,0.01,0.01,0.01,0.01,0.02,0.04,0.01,0.01,0.01,0.02,0.05,
02/01/2023,0.02,0.01,0.01,0.01,0.01,0.03,0.03,0.01,0.01,0.01,0.03,0.05,0.01,0.01,0.01,0.01,0.01,0.05,0.02,0.01,0.01,0.01,0.04,0.04,0.01,0.01,0.01,0.01,0.01,0.05,0.01,0.01,0.01,0.01,0.05,0.03,0.01,0.01,0.01,0.01,0.03,0.03,0.01,0.01,0.01,0.02,0.05,0.02,
03/01/2023,0.01,0.01,0.01,0.01,0.04,0.02,0.01,0.01,0.01,0.03,0.05,0.01,0.01,0.01,0.01,0.01,0.05,0.01,0.01,0.01,0.01,0.05,0.03,0.01,0.01,0.01,0.01,0.03,0.06,0.02,0.01,0.01,0.05,0.05,0.02,0.01,0.01,0.01,0.01,0.05,0.04,0.01,0.01,0.01,0.01,0.03,0.05,0.01,
04/01/2023,0.01,0.01,0.01,0.02,0.05,0.02,0.01,0.01,0.01,0.01,0.05,0.04,0.01,0.01,0.01,0.01,0.03,0.05,0.01,0.01,0.01,0.01,0.02,0.05,0.02,0.01,0.01,0.01,0.02,0.05,0.02,0.01,0.01,0.01,0.01,0.05,0.03,0.01,0.01,0.01,0.01,0.05,0.03,0.01,0.01,0.01,0.01,0.05,
05/01/2023,0.03,0.01,0.01,0.01,0.01,0.05,0.03,0.01,0.01,0.01,0.02,0.05,0.02,0.01,0.01,0.01,0.02,0.05,0.02,0.01,0.01,0.01,0.03,0.05,0.01,0.01,0.01,0.01,0.04,0.04,0.01,0.01,0.01,0.01,0.05,0.03,0.01,0.01,0.01,0.02,0.05,0.02,0.01,0.01,0.01,0.03,0.05,0.01,
06/01/2023,0.01,0.01,0.01,0.04,0.04,0.01,0.01,0.01,0.01,0.05,0.03,0.01,0.01,0.01,0.02,0.05,0.02,0.01,0.01,0.01,0.03,0.05,0.01,0.01,0.01,0.01,0.04,0.04,0.01,0.01,0.01,0.01,0.05,0.03,0.01,0.01,0.01,0.02,0.05,0.02,0.01,0.01,0.01,0.03,0.04,0.01,0.01,0.01,
07/01/2023,0.01,0.05,0.03,0.01,0.01,0.01,0.02,0.05,0.02,0.01,0.01,0.01,0.04,0.04,0.01,0.01,0.01,0.01,0.05,0.03,0.01,0.01,0.01,0.03,0.05,0.02,0.01,0.01,0.02,0.05,0.05,0.03,0.03,0.01,0.18,0.02,0.05,0.05,0.04,0.02,0.06,0.06,0.06,0.07,0.07,0.05,0.01,0.01,
08/01/2023,0.01,0.01,0.03,0.05,0.03,0.01,0.01,0.01,0.01,0.03,0.03,0.01,0.01,0.01,0.03,0.05,0.02,0.01,0.01,0.01,0.01,0.04,0.18,0.09,0.04,0.04,0.14,0.07,0.04,0.03,0.02,0.11,0.07,0.1,0.05,0.05,0.8,0.55,0.02,0.19,0.06,0.06,0.02,0.05,0.05,0.03,0.01,0.01,
09/01/2023,0.01,0.03,0.05,0.01,0.01,0.01,0.01,0.03,0.05,0.02,0.01,0.01,0.01,0.01,0.18,0.04,0.01,0.01,0.01,0.05,0.01,0.01,0.01,0.01,0.05,0.02,0.01,0.01,0.01,0.04,0.03,0.01,0.01,0.01,0.03,0.04,0.01,0.01,0.01,0.01,0.22,0.52,0.16,0.01,0.03,0.03,0.01,0.01,
10/01/2023,0.01,0.04,0.03,0.01,0.01,0.01,0.04,0.02,0.01,0.01,0.01,0.04,0.02,0.01,0.15,0.06,0.04,0.01,0.01,0.01,0.03,0.03,0.01,0.01,0.01,0.03,0.03,0.01,0.01,0.01,0.03,0.03,0.01,0.01,0.01,0.04,0.04,0.06,0.61,0.21,0.06,0.01,0.02,0.01,0.05,0.01,0.01,0.01,
11/01/2023,0.03,0.03,0.01,0.01,0.01,0.05,0.02,0.01,0.01,0.02,0.05,0.01,0.01,0.01,0.15,0.06,0.01,0.01,0.01,0.04,0.02,0.01,0.01,0.01,0.05,0.02,0.01,0.01,0.01,0.05,0.01,0.01,0.01,0.01,0.05,0.01,0.01,0.01,0.02,0.05,0.01,0.01,0.29,0.47,0.03,0.14,0.02,0.04,
12/01/2023,0.04,0.01,0.01,0.01,0.05,0.01,0.01,0.01,0.03,0.03,0.01,0.01,0.01,0.04,0.02,0.01,0.01,0.02,0.05,0.01,0.02,0.8,0.06,0.05,0.06,0.03,0.02,0.04,0.09,0.04,0.03,0.06,0.17,0.81,0.15,0.17,0.03,0.01,0.02,0.02,0.05,0.02,0.01,0.01,0.02,0.05,0.01,0.01,
13/01/2023,0.01,0.03,0.03,0.01,0.01,0.01,0.04,0.02,0.01,0.01,0.01,0.05,0.01,0.01,0.16,0.07,0.03,0.01,0.01,0.01,0.04,0.02,0.01,0.01,0.01,0.05,0.02,0.01,0.01,0.02,0.05,0.01,0.01,0.01,0.02,0.04,0.01,0.01,0.01,0.03,0.04,0.01,0.02,0.16,0.04,0.02,0.01,0.03,
14/01/2023,0.03,0.01,0.01,0.04,0.02,0.01,0.01,0.03,0.03,0.01,0.01,0.01,0.05,0.02,0.01,0.01,0.02,0.04,0.01,0.01,0.01,0.08,0.2,0.06,0.16,0.01,0.04,0.02,0.14,0.05,0.07,0.07,0.57,0.55,0.49,0.14,0.13,0.13,0.2,0.04,0.02,0.01,0.01,0.04,0.06,0.01,0.01,0.05,
15/01/2023,0.04,0.01,0.01,0.01,0.03,0.04,0.01,0.01,0.01,0.02,0.05,0.01,0.01,0.01,0.01,0.05,0.01,0.01,0.02,0.02,0.22,0.08,0.08,0.04,0.01,0.02,0.05,1.38,0.03,0.11,0.02,0.05,0.01,0.01,0.01,0.01,0.05,0.13,0.05,0.01,0.14,0.05,0.01,0.01,0.01,0.01,0.05,0.01,
16/01/2023,0.01,0.01,0.01,0.05,0.02,0.01,0.01,0.01,0.04,0.03,0.01,0.01,0.01,0.02,0.19,0.04,0.01,0.01,0.03,0.03,0.01,0.01,0.01,0.02,0.04,0.01,0.01,0.01,0.01,0.05,0.02,0.01,0.01,0.01,0.03,0.03,0.01,0.01,0.01,0.01,0.05,0.02,0.02,0.78,0.37,0.09,0.02,0.02,
17/01/2023,0.01,0.01,0.05,0.02,0.01,0.01,0.01,0.04,0.03,0.01,0.01,0.01,0.02,0.05,0.01,0.01,0.03,0.2,0.06,0.2,0.01,0.01,0.01,0.03,0.03,0.01,0.01,0.01,0.01,0.04,0.02,0.01,0.01,0.01,0.01,0.05,0.01,0.01,0.01,0.01,0.01,0.05,0.01,0.01,0.01,0.01,0.01,0.05,
18/01/2023,0.02,0.01,0.01,0.01,0.01,0.04,0.02,0.01,0.01,0.01,0.01,0.05,0.02,0.01,0.01,0.01,0.01,0.04,0.02,0.01,0.01,0.01,0.01,0.05,0.02,0.01,0.01,0.01,0.01,0.04,0.02,0.01,0.01,0.01,0.01,0.05,0.01,0.01,0.01,0.01,0.01,0.05,0.01,0.01,0.01,0.01,0.01,0.05,
19/01/2023,0.02,0.01,0.01,0.01,0.01,0.04,0.02,0.01,0.01,0.01,0.01,0.04,0.02,0.01,0.01,0.01,0.01,0.04,0.02,0.01,0.01,0.01,0.01,0.03,0.03,0.01,0.01,0.01,0.01,0.04,0.02,0.01,0.01,0.01,0.01,0.03,0.03,0.01,0.01,0.01,0.01,0.03,0.03,0.01,0.01,0.01,0.01,0.02,
20/01/2023,0.03,0.01,0.01,0.01,0.01,0.02,0.04,0.01,0.01,0.01,0.01,0.02,0.04,0.01,0.01,0.01,0.01,0.02,0.04,0.01,0.01,0.01,0.08,0.17,0.11,0.04,0.06,0.04,0.08,0.06,0.05,0.3,0.04,0.26,0.8,0.01,0.21,0.27,0.06,0.02,0.01,0.01,0.01,0.03,0.03,0.01,0.01,0.01,
21/01/2023,0.01,0.04,0.02,0.01,0.01,0.01,0.01,0.04,0.03,0.01,0.01,0.01,0.01,0.03,0.03,0.01,0.01,0.01,0.01,0.04,0.02,0.17,0.04,0.11,0.19,0.02,0.04,0.06,0.02,0.05,0.01,0.02,0.02,0.01,0.01,0.05,0.03,0.01,0.01,0.01,0.01,0.03,0.03,0.01,0.01,0.01,0.01,0.05,
22/01/2023,0.03,0.01,0.01,0.01,0.03,0.17,0.03,0.01,0.01,0.01,0.01,0.03,0.03,0.01,0.01,0.01,0.01,0.03,0.04,0.03,0.05,0.03,0.01,0.16,0.04,0.02,0.05,0.02,0.01,0.01,0.01,0.01,0.03,0.03,0.01,0.19,0.69,1.06,0.54,0.05,0.16,0.24,0.07,0.01,0.03,0.01,0.04,0.02,
23/01/2023,0.03,0.01,0.01,0.04,0.01,0.01,0.02,0.04,0.01,0.01,0.01,0.04,0.02,0.01,0.14,0.07,0.01,0.01,0.01,0.02,0.04,0.01,0.01,0.01,0.01,0.04,0.02,0.01,0.01,0.01,0.01,0.05,0.02,0.01,0.01,0.01,0.01,0.05,0.05,0.09,0.12,0.01,0.06,0.03,0.01,0.01,0.01,0.04,
24/01/2023,0.03,0.01,0.01,0.01,0.02,0.05,0.01,0.01,0.01,0.01,0.03,0.03,0.01,0.01,0.13,0.06,0.03,0.01,0.01,0.01,0.01,0.04,0.02,0.01,0.01,0.01,0.02,0.05,0.01,0.01,0.01,0.01,0.04,0.02,0.01,0.01,0.01,0.02,0.05,0.01,0.01,0.01,0.01,0.04,0.03,0.01,0.01,0.01,
25/01/2023,0.02,0.05,0.01,0.01,0.01,0.01,0.04,0.03,0.01,0.01,0.01,0.02,0.05,0.01,0.01,0.01,0.01,0.04,0.03,0.01,0.01,0.01,0.02,0.04,0.01,0.01,0.01,0.01,0.05,0.01,0.01,0.01,0.01,0.04,0.03,0.08,0.13,0.03,0.03,0.14,0.01,0.01,0.04,0.03,0.01,0.01,0.01,0.04,
26/01/2023,0.02,0.01,0.01,0.01,0.04,0.02,0.01,0.01,0.01,0.04,0.03,0.01,0.01,0.01,0.19,0.06,0.02,0.01,0.01,0.04,0.02,0.01,0.01,0.01,0.04,0.02,0.01,0.01,0.01,0.04,0.02,0.01,0.01,0.01,0.04,0.03,0.01,0.01,0.01,0.05,0.15,0.4,1.16,0.07,0.04,0.01,0.01,0.01,
27/01/2023,0.05,0.02,0.01,0.01,0.02,0.04,0.01,0.01,0.01,0.03,0.04,0.01,0.01,0.01,0.2,0.07,0.01,0.01,0.01,0.04,0.02,0.01,0.01,0.01,0.05,0.01,0.01,0.01,0.02,0.04,0.01,0.01,0.01,0.03,0.03,0.01,0.01,0.01,0.03,0.03,0.01,0.01,0.01,0.03,0.03,0.01,0.01,0.01,
28/01/2023,0.03,0.03,0.01,0.03,0.02,0.03,0.03,0.01,0.01,0.01,0.03,0.04,0.01,0.01,0.01,0.02,0.04,0.01,0.01,0.01,0.02,0.2,0.47,1.13,0.03,0.04,0.13,0.02,0.06,0.04,0.02,0.07,0.05,0.07,0.05,0.04,0.18,0.02,0.17,0.03,0.04,0.01,0.02,0.01,0.06,0.01,0.05,0.03,
29/01/2023,0.01,0.01,0.01,0.04,0.03,0.01,0.01,0.01,0.04,0.03,0.01,0.01,0.01,0.04,0.02,0.01,0.01,0.01,0.04,0.04,0.02,0.07,0.42,1.23,0.29,0.01,0.03,0.45,0.57,0.74,0.18,0.05,0.07,1.05,0.62,0.74,0.08,0.13,0.05,0.02,0.04,0.06,0.15,0.07,0.04,0.03,0.03,0.01,
30/01/2023,0.04,0.01,0.01,0.04,0.01,0.01,0.04,0.01,0.01,0.02,0.04,0.01,0.01,0.01,0.2,0.03,0.01,0.01,0.04,0.02,0.01,0.01,0.02,0.05,0.01,0.01,0.01,0.02,0.05,0.01,0.01,0.01,0.01,0.05,0.01,0.01,0.01,0.01,0.04,0.05,0.16,0.01,0.02,0.07,0.03,0.02,0.01,0.04,
31/01/2023,0.03,0.01,0.01,0.01,0.04,0.02,0.01,0.01,0.01,0.05,0.02,0.01,0.01,0.01,0.16,0.05,0.01,0.01,0.01,0.05,0.01,0.01,0.01,0.01,0.05,0.01,0.01,0.01,0.01,0.05,0.02,0.01,0.01,0.01,0.04,0.02,0.01,0.01,0.01,0.03,0.03,0.01,0.01,0.01,0.09,0.16,0.02,0.01,
01/02/2023,0.01,0.03,0.03,0.01,0.01,0.01,0.03,0.03,0.01,0.01,0.01,0.03,0.03,0.01,0.14,0.05,0.05,0.01,0.01,0.01,0.02,0.04,0.01,0.01,0.01,0.03,0.03,0.01,0.01,0.01,0.04,0.03,0.01,0.01,0.01,0.04,0.7,0.41,0.06,0.05,0.45,0.4,0.27,0.02,0.19,0.02,0.02,0.01,
02/02/2023,0.04,0.01,0.01,0.01,0.05,0.01,0.01,0.01,0.04,0.03,0.01,0.01,0.01,0.05,0.18,0.04,0.04,0.02,0.01,0.01,0.02,0.04,0.01,0.01,0.01,0.04,0.03,0.01,0.01,0.01,0.05,0.02,0.01,0.01,0.02,0.05,0.01,0.01,0.01,0.03,0.04,0.01,0.01,0.01,0.03,0.03,0.08,0.15,
03/02/2023,0.05,0.03,0.01,0.01,0.01,0.05,0.01,0.01,0.01,0.02,0.04,0.01,0.01,0.01,0.04,0.03,0.01,0.01,0.01,0.05,0.2,0.04,0.01,0.04,0.03,0.01,0.02,0.04,0.06,0.06,0.13,0.04,0.03,0.06,0.03,0.05,0.01,0.01,0.02,0.04,0.01,0.01,0.03,0.03,0.02,0.02,0.04,0.02,
04/02/2023,0.01,0.01,0.04,0.02,0.01,0.01,0.04,0.02,0.01,0.01,0.03,0.03,0.01,0.01,0.02,0.04,0.01,0.01,0.01,0.05,0.08,0.74,1.15,0.31,0.02,0.01,0.15,0.03,0.02,0.01,0.04,0.03,0.01,0.01,0.01,0.05,0.03,0.01,0.01,0.01,0.05,0.02,0.01,0.01,0.01,0.05,0.02,0.01,
05/02/2023,0.01,0.01,0.05,0.01,0.01,0.01,0.02,0.04,0.01,0.01,0.01,0.03,0.03,0.01,0.01,0.01,0.04,0.02,0.01,0.01,0.01,0.05,0.01,0.01,0.01,0.03,0.04,0.01,0.06,0.02,0.05,0.01,0.01,0.01,0.03,0.03,0.04,0.05,0.03,0.03,0.01,0.01,0.04,0.02,0.01,0.01,0.04,0.02,
06/02/2023,0.01,0.01,0.03,0.03,0.01,0.01,0.01,0.05,0.01,0.01,0.01,0.04,0.03,0.01,0.01,0.01,0.05,0.01,0.01,0.01,0.36,0.06,0.05,0.02,0.04,0.02,0.01,0.01,0.04,0.02,0.01,0.01,0.04,0.02,0.01,0.01,0.03,0.03,0.01,0.01,0.02,0.04,0.01,0.01,0.01,0.05,0.01,0.01,
07/02/2023,0.01,0.04,0.03,0.01,0.01,0.02,0.04,0.01,0.01,0.01,0.04,0.02,0.01,0.01,0.02,0.04,0.01,0.01,0.01,0.04,0.02,0.01,0.01,0.02,0.04,0.01,0.01,0.01,0.04,0.02,0.01,0.01,0.02,0.04,0.01,0.01,0.03,0.37,0.35,0.32,0.52,0.21,0.03,0.02,0.04,0.02,0.01,0.01,
08/02/2023,0.05,0.02,0.01,0.01,0.04,0.02,0.01,0.01,0.04,0.02,0.01,0.01,0.02,0.04,0.13,0.04,0.04,0.02,0.01,0.01,0.03,0.03,0.01,0.01,0.01,0.05,0.01,0.01,0.01,0.03,0.03,0.01,0.01,0.01,0.05,0.01,0.01,0.01,0.04,0.03,0.01,0.01,0.01,0.05,0.01,0.01,0.06,0.38,
09/02/2023,0.03,0.01,0.01,0.02,0.04,0.01,0.01,0.01,0.04,0.02,0.01,0.01,0.02,0.04,0.1,0.06,0.01,0.05,0.01,0.01,0.01,0.03,0.03,0.01,0.01,0.01,0.05,0.04,0.05,0.01,0.01,0.01,0.03,0.03,0.01,0.01,0.01,0.05,0.02,0.01,0.01,0.42,0.86,0.83,1.02,0.05,0.03,0.01,
10/02/2023,0.01,0.02,0.05,0.01,0.01,0.01,0.03,0.03,0.01,0.01,0.01,0.04,0.03,0.01,0.12,0.06,0.01,0.01,0.01,0.03,0.03,0.01,0.01,0.01,0.03,0.03,0.01,0.01,0.01,0.04,0.02,0.01,0.01,0.02,0.04,0.01,0.01,0.01,0.13,0.16,0.01,0.12,0.05,0.01,0.01,0.01,0.05,0.02,
11/02/2023,0.02,0.01,0.05,0.01,0.01,0.01,0.04,0.02,0.01,0.01,0.04,0.03,0.01,0.01,0.03,0.03,0.01,0.01,0.02,0.05,0.02,0.01,0.01,0.99,0.06,0.17,0.72,0.87,0.11,0.45,0.42,0.46,0.24,0.05,0.04,0.01,0.01,0.05,0.02,0.01,0.01,0.05,0.03,0.02,0.15,0.03,0.01,0.02,
12/02/2023,0.03,0.05,0.01,0.01,0.01,0.02,0.05,0.01,0.01,0.01,0.03,0.04,0.01,0.01,0.01,0.03,0.04,0.01,0.02,0.24,0.95,0.06,0.03,0.01,0.03,0.03,0.09,0.01,0.02,0.05,0.01,0.01,0.01,0.04,0.03,0.01,0.01,0.01,0.05,0.02,0.01,0.01,0.03,0.04,0.01,0.01,0.01,0.49,
13/02/2023,1.03,0.03,0.03,0.03,0.02,0.03,0.02,0.02,0.04,0.01,0.02,0.03,0.01,0.01,0.05,0.01,0.17,0.06,0.01,0.01,0.02,0.04,0.01,0.01,0.02,0.04,0.01,0.01,0.01,0.05,0.01,0.01,0.01,0.04,0.02,0.01,0.01,0.03,0.03,0.01,0.01,0.01,0.12,0.1,0.02,0.06,0.08,0.03,
14/02/2023,0.02,0.03,0.04,0.01,0.01,0.02,0.04,0.01,0.01,0.01,0.05,0.01,0.01,0.01,0.04,0.02,0.01,0.01,0.18,0.95,0.03,0.02,0.05,0.01,0.01,0.01,0.04,0.02,0.01,0.01,0.03,0.03,0.01,0.01,0.02,0.04,0.01,0.01,0.01,0.05,0.05,0.05,0.01,0.01,0.01,0.04,0.03,0.01,
15/02/2023,0.01,0.01,0.05,0.01,0.01,0.01,0.03,0.04,0.01,0.01,0.01,0.05,0.02,0.01,0.01,0.03,0.04,0.01,0.01,0.01,0.04,0.02,0.01,0.01,0.02,0.04,0.01,0.01,0.01,0.04,0.02,0.01,0.01,0.02,0.04,0.01,0.02,0.03,0.14,0.15,0.06,0.05,0.07,0.03,0.03,0.05,0.03,0.02,
16/02/2023,0.01,0.05,0.02,0.01,0.01,0.04,0.02,0.01,0.01,0.04,0.03,0.01,0.01,0.13,0.06,0.01,0.01,0.03,0.03,0.01,0.01,0.03,0.03,0.01,0.01,0.03,0.03,0.01,0.01,0.02,0.04,0.01,0.01,0.02,0.04,0.01,0.01,0.01,0.05,0.01,0.01,0.01,0.05,0.02,0.01,0.34,0.45,0.03,
17/02/2023,0.02,0.03,0.03,0.01,0.01,0.03,0.03,0.01,0.01,0.03,0.04,0.01,0.01,0.02,0.19,0.03,0.03,0.02,0.01,0.01,0.05,0.02,0.01,0.01,0.05,0.01,0.01,0.01,0.05,0.01,0.01,0.01,0.05,0.01,0.01,0.01,0.05,0.01,0.01,0.42,0.63,0.09,0.02,0.05,0.03,0.01,0.02,0.04,
18/02/2023,0.01,0.01,0.03,0.03,0.01,0.01,0.04,0.02,0.01,0.01,0.05,0.01,0.01,0.02,0.04,0.01,0.01,0.02,0.04,0.01,0.02,0.04,0.22,0.94,0.79,1.04,0.01,0.01,0.04,0.02,0.01,0.02,0.04,0.01,0.01,0.04,0.02,0.01,0.01,0.05,0.01,0.01,0.02,0.04,0.01,0.01,0.03,0.03,
19/02/2023,0.02,0.02,0.04,0.02,0.01,0.01,0.05,0.01,0.01,0.01,0.05,0.01,0.01,0.02,0.05,0.01,0.01,0.02,0.05,0.01,0.02,0.04,0.35,0.01,0.01,0.03,0.05,0.03,0.01,0.04,0.02,0.01,0.03,0.51,0.06,0.03,0.1,0.93,0.02,0.07,0.02,0.02,0.04,0.01,0.03,0.03,0.01,0.02,
20/02/2023,0.04,0.01,0.01,0.05,0.04,0.02,0.05,0.02,0.01,0.01,0.05,0.02,0.01,0.01,0.05,0.01,0.01,0.02,0.05,0.02,0.03,0.03,0.03,0.87,0.02,0.01,0.05,0.04,0.01,0.01,0.01,0.04,0.03,0.01,0.01,0.01,0.05,0.03,0.01,0.01,0.01,0.05,0.02,0.01,0.01,0.02,0.05,0.01,
21/02/2023,0.01,0.01,0.04,0.03,0.01,0.01,0.01,0.05,0.02,0.01,0.01,0.03,0.04,0.01,0.01,0.01,0.05,0.02,0.01,0.01,0.03,0.03,0.01,0.01,0.02,0.05,0.01,0.01,0.02,0.05,0.01,0.01,0.01,0.05,0.01,0.01,0.01,0.05,0.01,0.01,0.02,0.05,0.01,0.01,0.02,0.04,0.01,0.01,
22/02/2023,0.03,0.03,0.01,0.01,0.04,0.02,0.01,0.01,0.05,0.01,0.01,0.02,0.04,0.01,0.01,0.03,0.03,0.01,0.01,0.04,0.02,0.01,0.01,0.05,0.01,0.01,0.02,0.04,0.01,0.01,0.03,0.03,0.01,0.01,0.05,0.02,0.01,0.04,0.03,0.81,0.33,0.96,0.24,0.08,0.03,0.06,0.02,0.04,
23/02/2023,0.01,0.04,0.01,0.04,0.01,0.04,0.02,0.01,0.04,0.01,0.02,0.03,0.01,0.02,0.2,0.04,0.04,0.01,0.01,0.03,0.03,0.01,0.01,0.05,0.01,0.01,0.03,0.03,0.01,0.01,0.04,0.02,0.01,0.02,0.05,0.01,0.01,0.03,0.03,0.01,0.01,0.04,0.03,0.01,0.01,0.04,0.02,0.01,
24/02/2023,0.01,0.05,0.01,0.01,0.01,0.05,0.01,0.01,0.02,0.05,0.01,0.01,0.02,0.04,0.01,0.01,0.02,0.04,0.01,0.01,0.02,0.04,0.01,0.01,0.03,0.04,0.01,0.01,0.03,0.04,0.03,0.08,0.05,0.03,0.01,0.01,0.04,0.03,0.01,0.01,0.07,0.39,0.01,0.02,0.05,0.01,0.01,0.03,
25/02/2023,0.03,0.01,0.01,0.04,0.06,0.01,0.02,0.05,0.03,0.01,0.01,0.04,0.03,0.01,0.01,0.03,0.03,0.01,0.02,0.18,0.04,0.03,0.13,0.03,0.03,0.01,0.01,0.03,0.03,0.01,0.01,0.03,0.04,0.01,0.01,0.01,0.05,0.01,0.02,0.1,0.13,0.02,0.01,0.02,0.06,0.02,0.01,0.01,
26/02/2023,0.05,0.01,0.01,0.01,0.05,0.01,0.01,0.01,0.05,0.01,0.01,0.01,0.04,0.02,0.01,0.01,0.03,0.03,0.01,0.01,0.03,0.05,0.19,0.04,0.03,0.04,0.01,0.96,1.04,0.14,0.05,0.03,0.18,0.39,0.51,0.2,0.06,0.03,0.04,0.03,0.19,0.05,0.06,0.01,0.01,0.01,0.05,0.02,
27/02/2023,0.01,0.01,0.04,0.04,0.01,0.01,0.01,0.05,0.02,0.01,0.01,0.02,0.05,0.02,0.17,0.05,0.04,0.01,0.01,0.01,0.04,0.02,0.01,0.01,0.01,0.05,0.01,0.01,0.01,0.03,0.04,0.01,0.01,0.01,0.04,0.02,0.01,0.01,0.01,0.06,0.05,0.17,0.02,0.08,0.03,0.02,0.02,0.04,
28/02/2023,0.01,0.01,0.01,0.05,0.01,0.01,0.01,0.04,0.02,0.01,0.01,0.03,0.04,0.01,0.18,0.05,0.02,0.01,0.01,0.03,0.03,0.01,0.01,0.02,0.04,0.01,0.01,0.01,0.04,0.02,0.01,0.01,0.02,0.05,0.01,0.01,0.02,0.03,0.29,0.46,0.31,0.13,0.03,0.16,0.03,0.05,0.01,0.01,
01/03/2023,0.02,0.04,0.01,0.01,0.02,0.04,0.01,0.01,0.01,0.05,0.02,0.01,0.01,0.03,0.03,0.01,0.01,0.03,0.07,0.01,0.01,0.01,0.04,0.02,0.16,0.02,0.05,0.01,0.01,0.01,0.05,0.02,0.01,0.01,0.03,0.03,0.01,0.01,0.01,0.05,0.01,0.01,0.01,0.03,0.03,0.01,0.01,0.05,
02/03/2023,0.06,0.02,0.02,0.01,0.03,0.03,0.01,0.01,0.01,0.05,0.01,0.01,0.01,0.03,0.03,0.01,0.01,0.01,0.18,0.03,0.01,0.01,0.06,0.02,0.03,0.05,0.02,0.01,0.01,0.04,0.03,0.01,0.01,0.02,0.05,0.01,0.01,0.01,0.04,0.02,0.03,0.22,0.14,1.06,0.04,0.04,0.02,0.01,
03/03/2023,0.01,0.05,0.01,0.01,0.01,0.05,0.01,0.01,0.02,0.04,0.01,0.01,0.02,0.04,0.01,0.01,0.01,0.09,0.32,0.04,0.26,0.02,0.01,0.01,0.04,0.02,0.01,0.01,0.04,0.02,0.01,0.01,0.04,0.03,0.01,0.01,0.03,0.03,0.01,0.01,0.02,0.04,0.01,0.01,0.01,0.05,0.01,0.01,
04/03/2023,0.01,0.04,0.02,0.01,0.01,0.03,0.03,0.03,0.02,0.03,0.04,0.01,0.01,0.01,0.05,0.01,0.01,0.01,0.04,0.02,0.01,0.01,0.03,0.04,0.01,0.05,0.36,0.04,0.01,0.01,0.05,0.11,0.61,1.05,0.06,0.01,0.01,0.03,0.04,0.01,0.06,0.02,0.01,0.03,0.02,0.01,0.01,0.05,
05/03/2023,0.01,0.01,0.01,0.05,0.01,0.01,0.01,0.05,0.02,0.01,0.01,0.04,0.03,0.01,0.01,0.02,0.04,0.01,0.01,0.01,0.06,0.02,0.02,0.29,0.04,0.13,0.01,0.05,0.02,0.02,0.15,0.5,0.47,0.05,0.01,0.01,0.66,0.17,0.02,0.04,0.01,0.1,0.06,0.03,0.02,0.04,0.02,0.01,
06/03/2023,0.01,0.04,0.01,0.01,0.02,0.04,0.01,0.01,0.02,0.04,0.01,0.01,0.02,0.05,0.17,0.03,0.04,0.02,0.01,0.01,0.03,0.03,0.01,0.01,0.02,0.04,0.01,0.01,0.01,0.05,0.01,0.01,0.01,0.04,0.03,0.01,0.01,0.02,0.04,0.01,0.01,0.01,0.04,0.02,0.01,0.01,0.03,0.04,
07/03/2023,0.01,0.01,0.01,0.05,0.02,0.01,0.01,0.02,0.04,0.01,0.01,0.01,0.04,0.02,0.01,0.01,0.01,0.05,0.01,0.01,0.01,0.02,0.04,0.01,0.01,0.01,0.04,0.02,0.01,0.01,0.02,0.04,0.01,0.01,0.01,0.04,0.02,0.01,0.03,0.89,0.73,0.17,0.22,0.05,0.05,0.08,0.02,0.05,
08/03/2023,0.03,0.01,0.03,0.03,0.01,0.01,0.05,0.01,0.01,0.02,0.05,0.01,0.01,0.02,0.19,0.03,0.01,0.01,0.05,0.01,0.01,0.01,0.03,0.03,0.01,0.01,0.01,0.05,0.01,0.01,0.01,0.02,0.04,0.01,0.01,0.01,0.03,0.03,0.01,0.01,0.01,0.04,0.02,0.01,0.01,0.01,0.05,0.36,
09/03/2023,0.03,0.02,0.03,0.04,0.01,0.01,0.01,0.03,0.03,0.01,0.01,0.01,0.04,0.03,0.17,0.03,0.03,0.04,0.01,0.01,0.01,0.04,0.03,0.01,0.01,0.01,0.04,0.02,0.01,0.01,0.01,0.05,0.01,0.01,0.01,0.01,0.05,0.01,0.01,0.01,0.01,0.05,0.01,0.01,0.48,0.04,0.05,0.01,
10/03/2023,0.01,0.01,0.05,0.01,0.01,0.01,0.02,0.04,0.01,0.01,0.01,0.03,0.03,0.01,0.01,0.01,0.05,0.13,0.16,0.31,0.02,0.04,0.01,0.01,0.01,0.02,0.04,0.01,0.01,0.01,0.03,0.03,0.01,0.01,0.01,0.04,0.02,0.01,0.01,0.01,0.05,0.01,0.01,0.01,0.02,0.07,0.01,0.01,
11/03/2023,0.01,0.01,0.05,0.01,0.01,0.01,0.02,0.05,0.01,0.01,0.01,0.02,0.04,0.01,0.01,0.01,0.02,0.04,0.01,0.03,0.01,0.03,1.06,0.35,1.24,0.25,0.15,0.06,0.03,0.01,0.01,0.05,0.02,0.02,0.11,0.15,0.48,0.12,0.13,0.13,0.16,0.24,0.13,0.11,0.06,0.02,0.01,0.01,
12/03/2023,0.03,0.04,0.01,0.01,0.01,0.04,0.02,0.01,0.01,0.01,0.05,0.01,0.01,0.01,0.03,0.04,0.01,0.02,0.02,0.19,0.89,0.05,0.03,0.04,0.02,0.01,0.07,0.03,0.03,0.01,0.01,0.02,1.12,0.53,0.28,0.19,0.04,0.02,0.03,0.04,0.02,0.04,0.02,0.03,0.03,0.05,0.04,0.02,
13/03/2023,0.01,0.02,0.03,0.01,0.01,0.03,0.03,0.01,0.01,0.03,0.04,0.01,0.01,0.01,0.05,0.02,0.17,0.03,0.04,0.01,0.01,0.01,0.04,0.03,0.01,0.01,0.01,0.05,0.02,0.01,0.01,0.02,0.04,0.01,0.01,0.01,0.03,0.06,0.03,0.01,0.02,0.1,0.12,0.13,0.11,0.02,0.04,0.03,
14/03/2023,0.01,0.01,0.01,0.04,0.02,0.01,0.01,0.01,0.05,0.02,0.01,0.01,0.01,0.05,0.16,0.03,0.01,0.04,0.03,0.01,0.01,0.01,0.04,0.02,0.01,0.01,0.01,0.05,0.02,0.01,0.01,0.02,0.05,0.01,0.01,0.01,0.03,0.04,0.01,0.01,0.01,0.04,0.03,0.01,0.01,0.01,0.04,0.02,
15/03/2023,0.01,0.01,0.01,0.05,0.02,0.01,0.01,0.01,0.05,0.01,0.01,0.01,0.02,0.05,0.01,0.01,0.01,0.02,0.05,0.01,0.01,0.01,0.02,0.05,0.01,0.01,0.01,0.03,0.04,0.01,0.01,0.01,0.03,0.04,0.01,0.01,0.01,0.03,0.04,0.01,0.01,0.01,0.04,0.03,0.01,0.01,0.01,0.07,
16/03/2023,0.03,0.02,0.03,0.04,0.01,0.01,0.01,0.03,0.03,0.01,0.01,0.01,0.04,0.03,0.17,0.03,0.03,0.04,0.01,0.01,0.01,0.04,0.03,0.01,0.01,0.01,0.04,0.02,0.01,0.01,0.01,0.05,0.01,0.01,0.01,0.01,0.05,0.01,0.01,0.01,0.01,0.05,0.01,0.01,0.48,0.04,0.05,0.01,
17/03/2023,0.05,0.01,0.01,0.01,0.05,0.01,0.01,0.01,0.05,0.02,0.01,0.01,0.04,0.02,0.01,0.01,0.18,0.04,0.01,0.01,0.02,0.04,0.01,0.01,0.02,0.05,0.01,0.01,0.01,0.05,0.01,0.01,0.01,0.05,0.02,0.01,0.01,0.04,0.02,0.02,0.14,0.09,0.03,0.02,0.01,0.03,0.05,0.01,
18/03/2023,0.01,0.01,0.04,0.04,0.01,0.01,0.01,0.05,0.03,0.01,0.01,0.01,0.05,0.02,0.01,0.01,0.02,0.05,0.02,0.04,0.09,1.02,0.31,1.21,0.36,0.03,0.11,0.01,0.01,0.03,0.14,0.14,0.22,0.16,0.04,0.01,0.04,0.03,0.01,0.01,0.05,0.01,0.01,0.01,0.05,0.01,0.01,0.02,
19/03/2023,0.11,0.02,0.02,0.02,0.05,0.01,0.01,0.02,0.04,0.01,0.01,0.02,0.04,0.01,0.01,0.02,0.04,0.01,0.01,0.01,0.05,1.07,0.1,0.05,0.04,0.03,0.12,0.02,0.01,0.01,0.04,0.02,0.08,0.04,0.75,1.12,0.61,0.13,0.13,0.04,0.02,0.03,0.05,0.02,0.04,0.01,0.04,0.01,
20/03/2023,0.02,0.03,0.01,0.03,0.03,0.01,0.02,0.04,0.01,0.01,0.03,0.03,0.01,0.01,0.22,0.05,0.01,0.01,0.04,0.02,0.01,0.01,0.04,0.02,0.01,0.01,0.04,0.03,0.01,0.01,0.03,0.03,0.01,0.01,0.02,0.05,0.01,0.01,0.01,0.04,0.02,0.01,0.02,0.22,0.04,0.03,0.02,0.03,
21/03/2023,0.03,0.01,0.01,0.02,0.04,0.01,0.01,0.01,0.05,0.02,0.01,0.01,0.03,0.03,0.01,0.01,0.02,0.45,0.07,0.01,0.03,0.03,0.01,0.01,0.04,0.03,0.01,0.01,0.04,0.02,0.01,0.01,0.04,0.03,0.01,0.01,0.03,0.03,0.01,0.01,0.03,0.03,0.01,0.01,0.02,0.07,0.05,0.04,
22/03/2023,0.04,0.06,0.01,0.01,0.01,0.05,0.01,0.01,0.01,0.05,0.01,0.01,0.01,0.04,0.2,0.02,0.04,0.02,0.01,0.01,0.05,0.02,0.01,0.01,0.05,0.01,0.01,0.01,0.05,0.01,0.01,0.01,0.05,0.01,0.01,0.01,0.05,0.01,0.01,0.01,0.05,0.01,0.01,0.01,0.05,0.01,0.08,0.1,
23/03/2023,0.06,0.01,0.01,0.02,0.04,0.01,0.01,0.02,0.04,0.01,0.01,0.02,0.04,0.01,0.01,0.02,0.04,0.19,0.03,0.05,0.01,0.01,0.02,0.04,0.01,0.01,0.03,0.03,0.01,0.01,0.04,0.02,0.01,0.01,0.04,0.01,0.01,0.02,0.04,0.01,0.01,0.03,0.03,0.01,0.01,0.2,0.04,0.02,
24/03/2023,0.02,0.04,0.01,0.01,0.04,0.02,0.01,0.01,0.05,0.01,0.01,0.02,0.04,0.01,0.01,0.03,0.11,0.1,0.01,0.05,0.01,0.01,0.03,0.03,0.01,0.01,0.05,0.02,0.01,0.02,0.04,0.01,0.01,0.04,0.02,0.01,0.01,0.06,0.03,0.02,0.05,0.02,0.01,0.01,0.05,0.02,0.09,0.03,
25/03/2023,0.06,0.01,0.01,0.02,0.04,0.01,0.01,0.03,0.03,0.01,0.01,0.04,0.02,0.01,0.01,0.05,0.01,0.01,0.02,0.14,0.37,0.69,0.06,0.79,0.93,0.03,0.03,0.01,0.01,0.05,0.01,0.01,0.03,0.72,0.45,0.04,0.03,0.02,0.03,0.04,0.01,0.01,0.05,0.03,0.02,0.04,0.03,0.01,
26/03/2023,0.02,0.05,0.01,0.01,,,0.04,0.03,0.01,0.01,0.05,0.01,0.01,0.03,0.03,0.01,0.01,0.05,0.01,0.01,0.03,0.05,0.01,0.01,0.04,0.02,0.01,0.04,0.05,0.05,0.28,0.44,0.47,0.32,0.05,0.6,0.43,0.13,0.06,0.06,0.03,0.03,0.02,0.06,0.06,0.02,0.01,0.01,
27/03/2023,0.04,0.05,0.01,0.01,0.01,0.05,0.04,0.01,0.01,0.02,0.05,0.01,0.01,0.01,0.2,0.04,0.01,0.01,0.05,0.02,0.01,0.01,0.05,0.02,0.01,0.01,0.05,0.01,0.01,0.02,0.05,0.01,0.01,0.03,0.04,0.01,0.01,0.04,0.03,0.01,0.01,0.04,0.02,0.01,0.01,0.05,0.01,0.01,
28/03/2023,0.02,0.04,0.01,0.01,0.03,0.04,0.01,0.01,0.04,0.03,0.01,0.01,0.04,0.03,0.01,0.01,0.04,0.02,0.01,0.01,0.05,0.02,0.01,0.01,0.05,0.01,0.01,0.01,0.05,0.01,0.01,0.02,0.05,0.01,0.01,0.03,0.04,0.01,0.01,0.03,0.03,0.01,0.01,0.04,0.03,0.01,0.01,0.04,
29/03/2023,0.02,0.01,0.01,0.05,0.02,0.01,0.02,0.05,0.01,0.01,0.02,0.05,0.01,0.01,0.03,0.04,0.01,0.01,0.03,0.04,0.01,0.01,0.04,0.03,0.01,0.01,0.05,0.04,0.03,0.05,0.03,0.01,0.01,0.05,0.03,0.01,0.01,0.09,0.05,0.15,0.04,0.03,0.01,0.02,0.04,0.01,0.04,0.04,
30/03/2023,0.01,0.01,0.04,0.02,0.01,0.02,0.04,0.01,0.01,0.04,0.03,0.01,0.01,0.05,0.02,0.01,0.02,0.22,0.01,0.01,0.04,0.02,0.01,0.01,0.05,0.01,0.01,0.03,0.03,0.01,0.01,0.05,0.02,0.01,0.02,0.04,0.01,0.01,0.04,0.02,0.01,0.04,0.21,0.23,0.06,0.04,0.01,0.02,
31/03/2023,0.04,0.01,0.01,0.05,0.01,0.01,0.03,0.03,0.01,0.01,0.05,0.01,0.01,0.04,0.03,0.01,0.22,0.04,0.01,0.01,0.05,0.01,0.01,0.02,0.04,0.01,0.01,0.03,0.04,0.01,0.01,0.03,0.04,0.01,0.01,0.03,0.04,0.01,0.01,0.03,0.03,0.01,0.01,0.03,0.04,0.01,0.01,0.03,
01/04/2023,0.03,0.01,0.03,0.06,0.01,0.01,0.03,0.04,0.01,0.01,0.03,0.04,0.01,0.01,0.03,0.03,0.01,0.01,0.03,0.03,0.01,0.01,0.03,0.03,0.01,0.46,0.4,1.22,0.62,0.05,0.03,0.06,0.08,0.07,0.37,0.16,0.05,0.03,0.02,0.04,0.03,0.02,0.05,0.01,0.06,0.05,0.01,0.01,
02/04/2023,0.03,0.03,0.01,0.01,0.05,0.01,0.01,0.03,0.04,0.01,0.01,0.04,0.02,0.01,0.01,0.05,0.01,0.01,0.03,0.05,0.02,0.16,0.07,0.12,0.03,0.04,0.02,0.01,0.02,0.03,0.01,0.01,0.05,0.01,0.01,0.03,0.03,0.01,0.01,0.05,0.02,0.01,0.02,0.04,0.01,0.01,0.04,0.02,
03/04/2023,0.01,0.01,0.05,0.01,0.01,0.02,0.04,0.01,0.01,0.04,0.03,0.01,0.01,0.05,0.02,0.02,0.02,0.05,0.02,0.02,0.03,0.07,0.03,0.02,0.05,0.04,0.02,0.02,0.03,0.05,0.02,0.02,0.03,0.04,0.02,0.02,0.04,0.04,0.02,0.02,0.04,0.03,0.02,0.02,0.05,0.02,0.02,0.02,
04/04/2023,0.05,0.02,0.02,0.03,0.05,0.02,0.02,0.03,0.04,0.02,0.02,0.04,0.04,0.02,0.02,0.04,0.03,0.02,0.02,0.05,0.02,0.02,0.02,0.05,0.02,0.02,0.02,0.05,0.02,0.02,0.03,0.05,0.02,0.02,0.03,0.04,0.02,0.02,0.04,0.03,0.02,0.01,0.25,0.15,0.03,0.03,0.04,0.01,
05/04/2023,0.02,0.01,0.01,0.05,0.02,0.01,0.02,0.05,0.01,0.01,0.02,0.05,0.01,0.01,0.03,0.04,0.01,0.01,0.03,0.04,0.01,0.01,0.04,0.03,0.01,0.01,0.05,0.04,0.03,0.05,0.03,0.01,0.01,0.05,0.03,0.01,0.01,0.09,0.05,0.15,0.04,0.03,0.01,0.02,0.04,0.01,0.04,0.04,
06/04/2023,0.03,0.04,0.03,0.01,0.01,0.05,0.02,0.01,0.02,0.05,0.01,0.01,0.03,0.04,0.01,0.01,0.06,0.56,0.27,0.34,0.02,0.01,0.02,0.04,0.01,0.01,0.04,0.03,0.01,0.01,0.05,0.01,0.01,0.02,0.04,0.01,0.01,0.04,0.03,0.01,0.01,0.05,0.01,0.01,0.02,0.04,0.01,0.04,
07/04/2023,0.07,0.02,0.01,0.03,0.03,0.01,0.01,0.04,0.02,0.01,0.01,0.05,0.01,0.01,0.02,0.04,0.01,0.01,0.03,0.21,0.58,0.02,0.06,0.01,0.01,0.09,0.08,0.01,0.01,0.03,0.03,0.01,0.01,0.04,0.02,0.01,0.01,0.05,0.02,0.01,0.02,0.05,0.01,0.01,0.03,0.04,0.01,0.01,
08/04/2023,0.03,0.03,0.01,0.01,0.04,0.02,0.01,0.01,0.05,0.01,0.01,0.01,0.05,0.01,0.01,0.02,0.04,0.01,0.01,0.03,0.04,0.01,0.01,0.04,0.04,0.03,0.05,0.03,0.01,0.01,0.04,0.03,0.01,0.01,0.04,0.03,0.01,0.01,0.04,0.02,0.01,0.01,0.05,0.02,0.01,0.01,0.05,0.02,
09/04/2023,0.01,0.01,0.05,0.01,0.01,0.01,0.05,0.01,0.01,0.01,0.05,0.01,0.01,0.02,0.05,0.01,0.01,0.02,0.05,0.01,0.01,0.02,0.05,0.01,0.01,0.02,0.04,0.01,0.01,0.02,0.04,0.01,0.01,0.08,0.09,0.07,0.86,1.38,0.47,0.07,0.04,0.04,0.01,0.03,0.05,0.01,0.01,0.05,
10/04/2023,0.01,0.01,0.03,0.03,0.01,0.01,0.05,0.01,0.01,0.03,0.03,0.01,0.01,0.04,0.02,0.01,0.01,0.2,0.05,0.02,0.02,0.04,0.01,0.01,0.03,0.03,0.01,0.01,0.05,0.01,0.01,0.02,0.04,0.01,0.01,0.03,0.03,0.01,0.01,0.04,0.02,0.01,0.01,0.05,0.02,0.01,0.02,0.05,
11/04/2023,0.01,0.01,0.02,0.05,0.01,0.01,0.02,0.05,0.01,0.01,0.02,0.05,0.01,0.01,0.02,0.05,0.01,0.01,0.01,0.05,0.02,0.01,0.01,0.05,0.02,0.01,0.01,0.05,0.02,0.01,0.01,0.04,0.03,0.01,0.01,0.04,0.03,0.01,0.01,0.03,0.04,0.01,0.01,0.02,0.04,0.01,0.01,0.01,
12/04/2023,0.05,0.01,0.01,0.01,0.04,0.02,0.01,0.01,0.03,0.04,0.01,0.01,0.01,0.05,0.02,0.01,0.01,0.03,0.03,0.01,0.01,0.02,0.05,0.01,0.01,0.01,0.04,0.03,0.01,0.01,0.02,0.05,0.01,0.01,0.01,0.04,0.03,0.01,0.01,0.02,0.05,0.01,0.01,0.06,0.08,0.04,0.02,0.01,
13/04/2023,0.04,0.02,0.01,0.01,0.04,0.02,0.01,0.01,0.03,0.03,0.01,0.01,0.02,0.04,0.18,0.01,0.03,0.03,0.01,0.01,0.02,0.05,0.01,0.01,0.01,0.04,0.02,0.01,0.01,0.03,0.04,0.01,0.01,0.01,0.05,0.01,0.01,0.01,0.04,0.02,0.01,0.01,0.03,0.05,0.01,0.04,0.05,0.03,
14/04/2023,0.02,0.02,0.03,0.04,0.01,0.01,0.01,0.04,0.02,0.01,0.01,0.02,0.05,0.01,0.02,0.02,0.19,0.03,0.01,0.01,0.02,0.04,0.01,0.01,0.01,0.04,0.02,0.01,0.01,0.02,0.04,0.01,0.01,0.01,0.05,0.02,0.01,0.01,0.03,0.03,0.01,0.01,0.02,0.05,0.01,0.01,0.01,0.04,
15/04/2023,0.02,0.01,0.01,0.05,0.03,0.01,0.01,0.02,0.05,0.01,0.01,0.01,0.04,0.03,0.01,0.01,0.02,0.05,0.01,0.01,0.17,0.71,0.08,0.03,0.08,0.04,0.04,0.01,0.01,0.03,0.05,0.01,0.31,0.19,0.01,0.01,0.05,0.01,0.01,0.01,0.01,0.05,0.03,0.01,0.01,0.01,0.01,0.05,
16/04/2023,0.03,0.01,0.01,0.03,0.01,0.05,0.03,0.01,0.01,0.01,0.02,0.05,0.02,0.01,0.01,0.01,0.03,0.04,0.01,0.02,0.02,0.03,0.19,0.96,0.03,0.01,0.21,0.02,0.01,0.01,0.16,0.49,0.62,1.01,0.12,0.11,0.25,0.02,0.49,0.34,0.49,0.41,0.15,0.03,0.03,0.03,0.01,0.04,
17/04/2023,0.01,0.01,0.05,0.01,0.01,0.04,0.02,0.01,0.02,0.04,0.01,0.01,0.03,0.03,0.2,0.06,0.03,0.01,0.01,0.04,0.02,0.01,0.01,0.05,0.01,0.01,0.01,0.05,0.01,0.01,0.02,0.05,0.01,0.01,0.02,0.05,0.01,0.01,0.02,0.05,0.01,0.01,0.01,0.05,0.1,0.06,0.06,0.05,
18/04/2023,0.03,0.02,0.05,0.02,0.01,0.01,0.05,0.02,0.01,0.01,0.05,0.02,0.01,0.01,0.05,0.02,0.02,0.02,0.09,0.02,0.01,0.01,0.04,0.17,0.02,0.04,0.03,0.01,0.01,0.04,0.03,0.01,0.01,0.04,0.03,0.01,0.01,0.04,0.03,0.01,0.01,0.04,0.03,0.01,0.01,0.12,0.04,0.06,
19/04/2023,0.05,0.03,0.02,0.04,0.04,0.01,0.01,0.02,0.05,0.01,0.01,0.02,0.05,0.01,0.2,0.06,0.04,0.01,0.01,0.02,0.05,0.01,0.01,0.02,0.05,0.01,0.01,0.01,0.05,0.02,0.01,0.01,0.05,0.02,0.01,0.01,0.04,0.03,0.01,0.01,0.04,0.03,0.01,0.01,0.03,0.04,0.01,0.03,
20/04/2023,0.05,0.03,0.01,0.01,0.03,0.03,0.01,0.01,0.03,0.04,0.01,0.01,0.02,0.05,0.01,0.07,0.42,0.21,0.03,0.01,0.05,0.02,0.01,0.01,0.05,0.02,0.01,0.01,0.04,0.02,0.01,0.01,0.04,0.02,0.01,0.01,0.04,0.02,0.01,0.01,0.05,0.08,0.02,0.21,0.03,0.01,0.01,0.05,
21/04/2023,0.02,0.01,0.01,0.05,0.01,0.01,0.02,0.05,0.01,0.01,0.02,0.04,0.01,0.01,0.02,0.04,0.13,0.07,0.05,0.01,0.01,0.02,0.05,0.01,0.01,0.02,0.04,0.01,0.01,0.03,0.04,0.01,0.01,0.03,0.03,0.01,0.01,0.04,0.03,0.01,0.1,0.14,0.02,0.02,0.04,0.03,0.01,0.01,
22/04/2023,0.05,0.02,0.01,0.01,0.05,0.01,0.01,0.02,0.04,0.01,0.01,0.03,0.04,0.01,0.01,0.03,0.04,0.02,0.14,0.04,0.01,0.01,0.14,0.04,0.01,0.01,0.03,0.03,0.01,0.01,0.03,0.03,0.01,0.01,0.04,0.03,0.01,0.01,0.04,0.02,0.01,0.01,0.04,0.02,0.01,0.01,0.05,0.02,
23/04/2023,0.02,0.07,0.03,0.02,0.01,0.05,0.02,0.01,0.01,0.05,0.02,0.01,0.01,0.04,0.02,0.01,0.01,0.04,0.02,0.01,0.58,0.37,0.02,0.01,0.03,0.14,0.94,0.04,0.03,0.03,0.01,0.01,0.05,0.01,0.01,0.05,0.08,0.08,0.09,0.1,0.03,0.03,0.06,0.03,0.01,0.01,0.05,0.02,
24/04/2023,0.01,0.02,0.05,0.01,0.01,0.02,0.05,0.01,0.01,0.02,0.04,0.01,0.01,0.02,0.24,0.03,0.01,0.02,0.04,0.01,0.01,0.03,0.04,0.01,0.01,0.03,0.04,0.01,0.01,0.03,0.03,0.01,0.01,0.03,0.04,0.01,0.01,0.03,0.04,0.01,0.01,0.03,0.04,0.01,0.01,0.02,0.04,0.01,
25/04/2023,0.01,0.02,0.04,0.01,0.01,0.01,0.05,0.01,0.01,0.01,0.05,0.02,0.01,0.01,0.04,0.03,0.01,0.01,0.03,0.04,0.01,0.01,0.02,0.05,0.01,0.01,0.01,0.05,0.02,0.01,0.01,0.04,0.02,0.01,0.01,0.04,0.03,0.01,0.01,0.03,0.04,0.01,0.06,0.82,1.01,0.56,0.05,0.01,
26/04/2023,0.02,0.03,0.01,0.03,0.03,0.01,0.01,0.04,0.01,0.01,0.04,0.02,0.01,0.01,0.24,0.04,0.01,0.02,0.04,0.01,0.01,0.03,0.03,0.01,0.01,0.03,0.03,0.01,0.01,0.04,0.03,0.01,0.01,0.04,0.03,0.01,0.01,0.04,0.03,0.01,0.01,0.04,0.03,0.01,0.01,0.04,0.03,0.01,
27/04/2023,0.01,0.03,0.03,0.01,0.01,0.03,0.03,0.01,0.01,0.03,0.04,0.01,0.01,0.02,0.05,0.01,0.01,0.01,0.05,0.01,0.01,0.01,0.04,0.02,0.01,0.01,0.04,0.03,0.01,0.01,0.03,0.03,0.01,0.01,0.02,0.04,0.01,0.01,0.02,0.05,0.01,0.07,0.05,0.05,0.01,0.01,0.02,0.05,
28/04/2023,0.01,0.01,0.01,0.05,0.02,0.01,0.01,0.04,0.03,0.01,0.01,0.04,0.03,0.01,0.01,0.03,0.21,0.02,0.01,0.02,0.05,0.01,0.01,0.02,0.05,0.01,0.01,0.02,0.05,0.01,0.01,0.02,0.05,0.01,0.01,0.01,0.05,0.01,0.01,0.01,0.32,0.73,0.13,0.12,0.07,0.02,0.04,0.05,
29/04/2023,0.01,0.01,0.01,0.05,0.02,0.01,0.01,0.05,0.02,0.01,0.01,0.04,0.03,0.01,0.01,0.04,0.03,0.01,0.02,0.03,0.1,0.59,1.17,0.38,0.15,0.01,0.01,0.03,0.04,0.01,0.06,0.04,0.03,0.01,0.01,0.04,0.03,0.01,0.02,0.04,0.02,0.01,0.01,0.05,0.02,0.01,0.03,0.05,
30/04/2023,0.02,0.01,0.01,0.05,0.02,0.01,0.01,0.05,0.02,0.01,0.01,0.05,0.02,0.01,0.01,0.05,0.02,0.01,0.01,0.05,0.02,0.01,0.01,0.05,0.03,0.36,0.09,0.05,0.02,0.02,0.06,0.03,0.02,0.03,0.06,0.02,0.1,0.05,0.01,0.01,0.03,0.03,0.01,0.03,0.04,0.04,0.01,0.01,
01/05/2023,0.01,0.05,0.02,0.01,0.01,0.03,0.04,0.01,0.01,0.01,0.05,0.02,0.01,0.01,0.03,0.04,0.01,0.01,0.02,0.05,0.41,0.03,0.02,0.01,0.05,0.02,0.62,0.28,0.98,1.18,0.08,0.04,0.04,0.02,0.16,0.85,0.03,0.07,0.05,0.18,0.02,0.02,0.05,0.02,0.01,0.04,0.01,0.01,
02/05/2023,0.03,0.03,0.01,0.01,0.05,0.01,0.01,0.03,0.04,0.01,0.01,0.04,0.03,0.01,0.01,0.04,0.17,0.03,0.04,0.01,0.01,0.04,0.02,0.01,0.01,0.05,0.01,0.01,0.02,0.04,0.01,0.01,0.03,0.03,0.01,0.01,0.04,0.03,0.01,0.01,0.05,0.02,0.01,0.01,0.05,0.01,0.02,0.02,
03/05/2023,0.05,0.01,0.01,0.03,0.04,0.01,0.01,0.03,0.03,0.01,0.01,0.03,0.03,0.01,0.15,0.05,0.01,0.01,0.04,0.03,0.01,0.01,0.05,0.01,0.01,0.03,0.04,0.01,0.01,0.05,0.02,0.06,0.05,0.01,0.01,0.03,0.04,0.01,0.01,0.04,0.03,0.01,0.01,0.04,0.04,0.02,0.01,0.05,
04/05/2023,0.02,0.01,0.01,0.05,0.01,0.01,0.02,0.05,0.01,0.01,0.02,0.04,0.01,0.01,0.22,0.05,0.01,0.01,0.04,0.03,0.01,0.01,0.05,0.02,0.01,0.02,0.05,0.01,0.01,0.03,0.04,0.01,0.01,0.04,0.03,0.01,0.01,0.05,0.02,0.01,0.02,0.05,0.37,0.02,0.07,0.06,0.01,0.02,
05/05/2023,0.04,0.05,0.01,0.01,0.02,0.05,0.01,0.01,0.02,0.05,0.01,0.01,0.02,0.05,0.19,0.02,0.05,0.01,0.01,0.03,0.04,0.01,0.01,0.04,0.03,0.01,0.01,0.05,0.02,0.01,0.02,0.05,0.01,0.01,0.03,0.03,0.01,0.01,0.05,0.02,0.01,0.02,0.05,0.01,0.01,0.03,0.03,0.01,
06/05/2023,0.01,0.05,0.02,0.01,0.02,0.05,0.01,0.01,0.04,0.04,0.02,0.01,0.05,0.01,0.01,0.03,0.04,0.01,0.01,0.04,0.03,0.01,0.01,0.05,0.04,0.14,0.1,0.14,0.01,0.02,0.04,0.01,0.01,0.04,0.04,0.02,0.03,0.05,0.02,0.02,0.05,0.03,0.02,0.02,0.05,0.05,0.03,0.06,
07/05/2023,0.02,0.01,0.03,0.03,0.01,0.01,0.05,0.01,0.01,0.03,0.03,0.01,0.01,0.05,0.01,0.01,0.03,0.04,0.01,0.01,0.05,0.02,0.02,0.02,0.33,0.78,1.09,0.43,0.04,0.01,0.02,0.06,0.5,1.13,1.01,0.28,0.05,0.03,0.03,0.03,0.13,0.02,0.02,0.06,0.04,0.06,0.03,0.01,
08/05/2023,0.04,0.02,0.01,0.04,0.03,0.01,0.03,0.04,0.01,0.01,0.05,0.01,0.01,0.03,0.23,0.02,0.01,0.03,0.03,0.01,0.01,0.05,0.02,0.01,0.03,0.04,0.01,0.01,0.04,0.03,0.01,0.01,0.05,0.02,0.01,0.03,0.04,0.01,0.49,0.07,0.03,0.04,0.05,0.16,0.02,0.01,0.05,0.02,
09/05/2023,0.01,0.02,0.05,0.01,0.01,0.04,0.03,0.01,0.01,0.05,0.02,0.01,0.02,0.04,0.19,0.04,0.03,0.01,0.01,0.05,0.01,0.01,0.03,0.04,0.01,0.01,0.05,0.02,0.01,0.02,0.05,0.01,0.01,0.04,0.03,0.01,0.01,0.05,0.28,0.01,0.05,0.04,0.02,0.02,0.04,0.01,0.01,0.05,
10/05/2023,0.02,0.01,0.03,0.04,0.01,0.01,0.05,0.02,0.01,0.03,0.04,0.01,0.01,0.04,0.2,0.02,0.05,0.01,0.01,0.05,0.02,0.01,0.04,0.03,0.01,0.03,0.04,0.01,0.01,0.05,0.01,0.01,0.04,0.02,0.01,0.03,0.04,0.01,0.01,0.05,0.01,0.01,0.04,0.07,0.04,0.06,0.02,0.01,
11/05/2023,0.04,0.03,0.01,0.02,0.04,0.01,0.01,0.05,0.02,0.01,0.03,0.04,0.01,0.01,0.05,0.02,0.23,0.06,0.02,0.01,0.03,0.03,0.01,0.02,0.05,0.01,0.01,0.04,0.03,0.01,0.02,0.05,0.01,0.01,0.04,0.03,0.01,0.01,0.05,0.01,0.01,0.5,0.07,0.04,0.02,0.05,0.01,0.01,
12/05/2023,0.04,0.02,0.01,0.03,0.04,0.01,0.01,0.06,0.03,0.03,0.05,0.03,0.01,0.01,0.2,0.04,0.01,0.01,0.05,0.02,0.01,0.02,0.05,0.02,0.01,0.02,0.05,0.01,0.01,0.03,0.05,0.01,0.01,0.03,0.04,0.01,0.01,0.04,0.03,0.01,0.01,0.05,0.02,0.03,0.04,0.04,0.01,0.01,
13/05/2023,0.04,0.03,0.01,0.01,0.05,0.01,0.01,0.03,0.04,0.01,0.01,0.04,0.02,0.01,0.01,0.05,0.01,0.01,0.03,0.04,0.92,0.07,0.03,0.09,0.02,0.06,0.01,0.01,0.04,0.02,0.01,0.03,0.04,0.01,0.01,0.05,0.02,0.01,0.04,0.03,0.02,0.04,0.05,0.02,0.01,0.05,0.01,0.01,
14/05/2023,0.04,0.03,0.01,0.02,0.04,0.01,0.01,0.05,0.02,0.01,0.03,0.04,0.01,0.01,0.05,0.02,0.01,0.03,0.04,0.02,0.12,2.1,0.91,0.19,0.05,0.02,0.01,0.04,0.13,0.36,0.47,0.02,0.15,0.02,0.02,0.03,0.01,0.05,0.02,0.05,0.03,0.04,0.04,0.01,0.05,0.02,0.02,0.04,
15/05/2023,0.01,0.03,0.03,0.01,0.04,0.03,0.01,0.04,0.02,0.01,0.04,0.02,0.01,0.04,0.22,0.04,0.01,0.05,0.01,0.01,0.04,0.02,0.01,0.03,0.03,0.01,0.02,0.04,0.01,0.01,0.05,0.02,0.01,0.03,0.03,0.01,0.01,0.05,0.01,0.01,0.04,0.03,0.02,0.03,0.04,0.01,0.01,0.04,
16/05/2023,0.02,0.01,0.02,0.04,0.01,0.01,0.04,0.02,0.01,0.02,0.05,0.01,0.01,0.05,0.22,0.05,0.03,0.01,0.01,0.05,0.02,0.01,0.02,0.05,0.01,0.01,0.04,0.03,0.01,0.01,0.05,0.02,0.01,0.03,0.04,0.01,0.01,0.04,0.02,0.01,0.02,0.06,0.02,0.01,0.03,0.03,0.01,0.01,
17/05/2023,0.05,0.02,0.01,0.02,0.05,0.01,0.01,0.04,0.03,0.01,0.01,0.05,0.01,0.01,0.16,0.04,0.01,0.02,0.05,0.01,0.01,0.04,0.03,0.01,0.02,0.05,0.01,0.01,0.04,0.03,0.01,0.02,0.05,0.01,0.01,0.04,0.03,0.01,0.06,0.05,0.49,0.27,0.07,0.01,0.01,0.04,0.03,0.01,
18/05/2023,0.02,0.05,0.01,0.01,0.04,0.03,0.01,0.02,0.05,0.01,0.01,0.04,0.03,0.01,0.19,0.04,0.01,0.02,0.04,0.01,0.01,0.04,0.02,0.01,0.03,0.04,0.01,0.01,0.05,0.02,0.01,0.03,0.03,0.01,0.02,0.05,0.01,0.01,0.04,0.03,0.01,0.04,0.04,0.02,0.02,0.05,0.01,0.01,
19/05/2023,0.04,0.02,0.01,0.03,0.04,0.01,0.01,0.05,0.02,0.01,0.03,0.03,0.01,0.01,0.21,0.04,0.01,0.03,0.03,0.01,0.02,0.05,0.01,0.01,0.05,0.02,0.01,0.03,0.04,0.01,0.01,0.05,0.01,0.01,0.04,0.03,0.01,0.02,0.04,0.01,0.01,0.05,0.02,0.01,0.03,0.04,0.01,0.01,
20/05/2023,0.05,0.01,0.01,0.04,0.03,0.01,0.02,0.05,0.01,0.01,0.05,0.02,0.01,0.02,0.04,0.01,0.01,0.05,0.02,0.01,0.03,0.05,0.02,0.06,0.05,0.02,0.01,0.03,0.05,0.03,0.05,0.03,0.01,0.34,0.58,0.02,0.01,0.04,0.04,0.01,0.01,0.05,0.02,0.01,0.05,0.03,0.01,0.03,
21/05/2023,0.04,0.01,0.01,0.05,0.02,0.01,0.03,0.03,0.01,0.02,0.05,0.01,0.01,0.04,0.03,0.01,0.02,0.05,0.03,0.26,0.08,0.04,0.03,0.03,0.01,0.05,0.04,0.01,0.01,0.05,0.02,0.01,0.03,0.05,0.01,0.08,0.57,1.64,0.9,0.08,0.12,0.05,0.03,0.03,0.05,0.02,0.05,0.02,
22/05/2023,0.04,0.03,0.02,0.04,0.01,0.05,0.02,0.02,0.04,0.01,0.04,0.02,0.01,0.05,0.14,0.05,0.02,0.01,0.05,0.01,0.02,0.05,0.01,0.02,0.04,0.01,0.02,0.04,0.01,0.02,0.05,0.01,0.01,0.05,0.01,0.01,0.05,0.01,0.01,0.04,0.02,0.01,0.04,0.03,0.01,0.03,0.05,0.01,
23/05/2023,0.02,0.05,0.01,0.01,0.05,0.02,0.01,0.04,0.03,0.01,0.02,0.04,0.01,0.01,0.22,0.03,0.01,0.03,0.03,0.01,0.02,0.04,0.01,0.01,0.05,0.02,0.01,0.04,0.03,0.01,0.03,0.04,0.01,0.01,0.05,0.01,0.01,0.04,0.03,0.01,0.42,0.66,0.03,0.02,0.05,0.02,0.01,0.04,
24/05/2023,0.02,0.01,0.03,0.03,0.01,0.03,0.04,0.01,0.01,0.05,0.01,0.01,0.05,0.02,0.13,0.07,0.03,0.03,0.05,0.02,0.01,0.03,0.04,0.01,0.01,0.05,0.02,0.01,0.03,0.04,0.01,0.02,0.05,0.01,0.01,0.04,0.03,0.11,0.11,0.64,0.41,0.07,0.04,0.02,0.05,0.01,0.02,0.05,
25/05/2023,0.01,0.02,0.05,0.01,0.01,0.05,0.01,0.01,0.05,0.02,0.01,0.04,0.03,0.01,0.03,0.04,0.01,0.02,0.06,0.01,0.01,0.05,0.02,0.14,0.05,0.01,0.04,0.03,0.03,0.07,0.03,0.02,0.05,0.01,0.03,0.03,0.38,0.05,0.02,0.03,0.05,0.01,0.02,0.05,0.01,0.01,0.05,0.01,
26/05/2023,0.01,0.05,0.02,0.01,0.04,0.02,0.01,0.04,0.03,0.01,0.03,0.04,0.01,0.02,0.21,0.04,0.01,0.05,0.01,0.01,0.05,0.02,0.01,0.04,0.02,0.01,0.04,0.03,0.01,0.03,0.04,0.01,0.02,0.05,0.01,0.01,0.05,0.01,0.01,0.05,0.03,0.02,0.04,0.03,0.01,0.03,0.04,0.01,
27/05/2023,0.02,0.05,0.01,0.01,0.05,0.01,0.01,0.04,0.02,0.01,0.04,0.03,0.01,0.03,0.04,0.01,0.02,0.35,0.07,0.03,0.04,0.02,0.01,0.04,0.03,0.01,0.05,0.04,0.02,0.2,0.05,0.03,0.01,1,0.8,0.1,0.01,0.05,0.03,0.01,0.03,0.05,0.02,0.03,0.06,0.02,0.01,0.05,
28/05/2023,0.03,0.01,0.04,0.06,0.02,0.06,0.04,0.01,0.02,0.05,0.02,0.01,0.05,0.03,0.01,0.04,0.03,0.06,0.11,0.45,0.38,1.24,0.32,0.09,0.04,0.02,0.01,0.05,0.49,1.12,0.44,0.37,0.23,0.12,0.05,0.01,0.05,0.01,0.07,0.05,0.05,0.1,0.1,0.06,0.02,0.04,0.03,0.02,
29/05/2023,0.04,0.01,0.05,0.02,0.03,0.03,0.01,0.05,0.01,0.02,0.04,0.01,0.04,0.02,0.16,0.04,0.01,0.04,0.02,0.01,0.05,0.01,0.02,0.04,0.01,0.03,0.04,0.01,0.03,0.03,0.01,0.04,0.03,0.01,0.04,0.02,0.01,0.04,0.02,0.01,0.04,0.02,0.04,0.07,0.02,0.01,0.05,0.02,
30/05/2023,0.01,0.05,0.03,0.01,0.04,0.04,0.01,0.02,0.05,0.01,0.01,0.05,0.02,0.21,0.07,0.01,0.01,0.05,0.01,0.01,0.05,0.02,0.01,0.04,0.02,0.01,0.04,0.02,0.01,0.04,0.03,0.01,0.04,0.03,0.01,0.03,0.03,0.01,0.03,0.03,0.01,0.03,0.04,0.01,0.06,0.06,0.02,0.03,
31/05/2023,0.04,0.01,0.03,0.03,0.01,0.04,0.03,0.01,0.04,0.03,0.01,0.04,0.02,0.01,0.21,0.04,0.01,0.04,0.02,0.01,0.04,0.02,0.01,0.05,0.02,0.01,0.05,0.02,0.01,0.06,0.03,0.05,0.05,0.02,0.01,0.05,0.03,0.01,0.04,0.03,0.01,0.03,0.08,0.1,0.03,0.05,0.01,0.02,
01/06/2023,0.05,0.01,0.01,0.05,0.01,0.01,0.05,0.02,0.01,0.05,0.02,0.01,0.04,0.03,0.15,0.05,0.01,0.03,0.04,0.01,0.03,0.03,0.01,0.04,0.03,0.01,0.04,0.02,0.01,0.05,0.02,0.01,0.05,0.01,0.01,0.05,0.01,0.02,0.05,0.01,0.02,0.05,0.01,0.02,0.04,0.25,0.05,0.01,
02/06/2023,0.02,0.05,0.01,0.02,0.04,0.01,0.03,0.04,0.01,0.03,0.04,0.01,0.03,0.04,0.01,0.03,0.04,0.16,0.06,0.01,0.01,0.05,0.01,0.01,0.05,0.01,0.02,0.05,0.01,0.02,0.05,0.01,0.02,0.05,0.01,0.02,0.05,0.01,0.02,0.05,0.01,0.02,0.05,0.01,0.02,0.05,0.01,0.02,
03/06/2023,0.05,0.01,0.01,0.05,0.01,0.01,0.06,0.02,0.01,0.05,0.02,0.01,0.05,0.02,0.01,0.04,0.02,0.01,0.04,0.02,0.02,0.12,0.1,0.35,0.16,0.01,0.02,0.04,0.01,0.03,0.04,0.01,0.03,0.04,0.01,0.03,0.04,0.01,0.03,0.07,0.1,0.09,0.04,0.01,0.04,0.03,0.01,0.04,
04/06/2023,0.03,0.01,0.04,0.03,0.01,0.04,0.03,0.01,0.04,0.03,0.01,0.04,0.03,0.01,0.03,0.03,0.01,0.03,0.03,0.01,0.42,0.09,0.03,0.07,0.19,0.59,0.2,0.04,0.01,0.11,0.03,0.01,0.04,0.03,0.01,0.04,0.03,0.01,0.04,0.03,0.01,0.04,0.03,0.01,0.04,0.03,0.01,0.03,
05/06/2023,0.04,0.01,0.03,0.04,0.01,0.02,0.05,0.01,0.02,0.05,0.01,0.01,0.05,0.02,0.01,0.05,0.02,0.01,0.04,0.03,0.01,0.04,0.03,0.01,0.03,0.04,0.01,0.04,0.03,0.01,0.03,0.13,0.01,0.02,0.04,0.73,0.49,0.01,0.06,0.14,0.09,0.04,0.02,0.05,0.01,0.03,0.03,0.01,
06/06/2023,0.04,0.02,0.02,0.05,0.01,0.03,0.03,0.01,0.04,0.02,0.01,0.05,0.01,0.02,0.28,0.03,0.02,0.04,0.01,0.03,0.03,0.01,0.05,0.02,0.02,0.05,0.01,0.02,0.04,0.01,0.03,0.03,0.01,0.04,0.03,0.01,0.04,0.02,0.01,0.19,0.84,0.19,0.07,0.03,0.02,0.04,0.02,0.01,
07/06/2023,0.05,0.01,0.01,0.05,0.01,0.02,0.05,0.01,0.02,0.04,0.01,0.02,0.04,0.01,0.03,0.04,0.01,0.03,0.19,0.03,0.05,0.01,0.02,0.05,0.01,0.02,0.05,0.01,0.02,0.04,0.01,0.02,0.04,0.01,0.02,0.09,0.01,0.25,0.13,0.13,0.24,0.06,0.05,0.03,0.01,0.05,0.03,0.01,
08/06/2023,0.05,0.02,0.01,0.05,0.05,0.03,0.06,0.04,0.01,0.03,0.05,0.01,0.02,0.05,0.17,0.05,0.02,0.01,0.04,0.03,0.01,0.04,0.03,0.01,0.04,0.03,0.01,0.04,0.03,0.01,0.04,0.03,0.01,0.04,0.03,0.01,0.03,0.03,0.01,0.03,0.03,0.15,0.27,0.06,0.02,0.01,0.05,0.02,
09/06/2023,0.01,0.04,0.03,0.01,0.03,0.04,0.01,0.02,0.05,0.01,0.02,0.05,0.01,0.01,0.21,0.03,0.01,0.04,0.03,0.01,0.04,0.03,0.01,0.04,0.03,0.01,0.04,0.03,0.01,0.04,0.03,0.01,0.04,0.03,0.01,0.04,0.03,0.01,0.04,0.03,0.01,0.04,0.03,0.01,0.04,0.03,0.01,0.06,
10/06/2023,0.01,0.01,0.05,0.02,0.01,0.05,0.02,0.01,0.05,0.02,0.01,0.04,0.02,0.01,0.04,0.02,0.01,0.04,0.04,0.01,0.22,0.88,0.89,0.55,0.08,0.01,0.03,0.04,0.01,0.03,0.03,0.01,0.04,0.04,0.12,0.16,0.13,0.09,0.04,0.01,0.04,0.3,0.11,0.17,0.12,0.06,0.02,0.02,
11/06/2023,0.04,0.01,0.04,0.03,0.01,0.04,0.02,0.01,0.05,0.01,0.02,0.05,0.01,0.02,0.04,0.01,0.02,0.05,0.02,0.05,0.09,0.73,0.28,0.09,0.01,0.05,0.02,0.04,0.16,0.13,0.14,0.59,0.06,0.09,0.11,0.11,0.17,0.16,0.16,0.31,0.04,0.01,0.04,0.03,0.01,0.04,0.05,0.01,
12/06/2023,0.02,0.05,0.01,0.03,0.04,0.01,0.03,0.04,0.01,0.03,0.04,0.01,0.03,0.04,0.01,0.17,0.06,0.01,0.02,0.05,0.01,0.03,0.04,0.01,0.03,0.04,0.01,0.03,0.03,0.01,0.04,0.03,0.37,0.37,0.39,0.37,0.05,0.79,1,0.13,0.05,0.05,0.02,0.05,0.01,0.05,0.02,0.04,
13/06/2023,0.02,0.03,0.03,0.02,0.04,0.01,0.05,0.02,0.03,0.04,0.01,0.05,0.02,0.03,0.24,0.03,0.01,0.05,0.01,0.03,0.04,0.01,0.04,0.02,0.01,0.05,0.01,0.02,0.04,0.01,0.03,0.03,0.01,0.04,0.03,0.01,0.05,0.02,0.02,0.05,0.01,0.35,0.06,0.02,0.04,0.03,0.01,0.05,
14/06/2023,0.02,0.01,0.05,0.02,0.02,0.05,0.01,0.03,0.04,0.01,0.03,0.04,0.01,0.04,0.21,0.02,0.02,0.04,0.01,0.03,0.03,0.01,0.04,0.03,0.01,0.05,0.02,0.01,0.05,0.01,0.02,0.05,0.01,0.03,0.04,0.01,0.04,0.03,0.01,0.04,0.03,0.01,0.05,0.07,0.1,0.04,0.01,0.04,
15/06/2023,0.06,0.03,0.06,0.04,0.01,0.04,0.04,0.01,0.04,0.04,0.01,0.04,0.03,0.01,0.2,0.05,0.01,0.03,0.04,0.01,0.03,0.04,0.01,0.04,0.03,0.01,0.05,0.02,0.01,0.05,0.02,0.02,0.05,0.01,0.03,0.04,0.01,0.03,0.04,0.02,0.04,0.01,0.03,0.05,0.02,0.03,0.04,0.01,
16/06/2023,0.04,0.03,0.01,0.05,0.02,0.02,0.05,0.01,0.03,0.04,0.01,0.03,0.03,0.01,0.2,0.05,0.01,0.04,0.02,0.01,0.05,0.01,0.02,0.04,0.01,0.03,0.03,0.01,0.04,0.02,0.01,0.05,0.02,0.02,0.05,0.01,0.03,0.04,0.01,0.04,0.03,0.01,0.04,0.02,0.01,0.05,0.02,0.02,
17/06/2023,0.05,0.01,0.03,0.04,0.01,0.03,0.23,0.12,0.05,0.02,0.02,0.05,0.01,0.02,0.04,0.01,0.03,0.04,0.01,0.04,0.03,0.01,0.04,0.02,0.01,0.5,0.61,1.37,0.54,0.03,0.01,0.05,0.02,0.4,0.84,1.01,0.35,0.15,0.05,0.03,0.01,0.05,0.03,0.03,0.06,0.04,0.01,0.04,
18/06/2023,0.04,0.01,0.04,0.03,0.01,0.04,0.03,0.01,0.05,0.03,0.01,0.07,0.02,0.06,0.05,0.02,0.01,0.05,0.03,0.01,0.08,0.32,0.94,0.08,0.04,0.09,0.04,0.01,0.04,0.03,0.01,0.04,0.03,0.01,0.05,0.02,0.01,0.05,0.02,0.02,0.5,0.44,0.17,0.05,0.03,0.06,0.03,0.03,
19/06/2023,0.04,0.02,0.05,0.01,0.05,0.01,0.04,0.02,0.03,0.04,0.01,0.05,0.01,0.05,0.31,0.03,0.02,0.05,0.01,0.04,0.03,0.02,0.05,0.01,0.03,0.03,0.01,0.05,0.02,0.02,0.05,0.01,0.03,0.04,0.01,0.04,0.03,0.16,0.33,0.13,0.12,0.07,0.03,0.05,0.03,0.01,0.05,0.02,
20/06/2023,0.02,0.05,0.01,0.03,0.04,0.01,0.04,0.03,0.01,0.05,0.02,0.01,0.05,0.01,0.02,0.05,0.01,0.21,0.04,0.01,0.04,0.03,0.01,0.04,0.03,0.01,0.05,0.02,0.01,0.05,0.01,0.02,0.05,0.01,0.03,0.04,0.25,1.16,0.1,0.06,0.04,0.04,0.02,0.04,0.03,0.01,0.04,0.03,
21/06/2023,0.01,0.05,0.02,0.02,0.05,0.01,0.02,0.04,0.01,0.03,0.04,0.01,0.04,0.03,0.01,0.05,0.03,0.22,0.04,0.01,0.05,0.05,0.05,0.04,0.01,0.03,0.04,0.01,0.03,0.05,0.01,0.03,0.05,0.01,0.03,0.04,0.01,0.03,0.04,0.01,0.03,0.04,0.01,0.04,0.03,0.01,0.04,0.34,
22/06/2023,0.03,0.03,0.04,0.01,0.03,0.04,0.01,0.04,0.03,0.01,0.04,0.03,0.01,0.05,0.02,0.01,0.05,0.17,0.05,0.02,0.01,0.05,0.02,0.02,0.05,0.01,0.02,0.05,0.01,0.03,0.04,0.01,0.03,0.04,0.01,0.04,0.03,0.01,0.05,0.02,0.05,0.04,0.02,0.05,0.03,0.04,0.03,0.01,
23/06/2023,0.05,0.02,0.01,0.05,0.01,0.02,0.05,0.01,0.03,0.04,0.01,0.04,0.03,0.01,0.04,0.03,0.01,0.2,0.03,0.01,0.04,0.03,0.01,0.05,0.02,0.02,0.05,0.01,0.03,0.04,0.01,0.03,0.03,0.01,0.15,0.14,0.02,0.06,0.02,0.02,0.04,0.11,0.48,0.15,0.13,0.16,0.1,0.01,
24/06/2023,0.05,0.02,0.02,0.05,0.01,0.03,0.04,0.01,0.04,0.03,0.01,0.05,0.02,0.02,0.05,0.01,0.03,0.04,0.02,0.15,0.48,0.65,0.63,0.94,0.59,0.22,0.02,0.05,0.05,0.01,0.04,0.03,0.03,0.07,0.11,0.17,0.16,0.08,0.06,0.03,0.02,0.06,0.02,0.05,0.07,0.04,0.05,0.02,
25/06/2023,0.03,0.05,0.01,0.04,0.04,0.01,0.05,0.03,0.01,0.05,0.02,0.02,0.05,0.02,0.02,0.05,0.01,0.03,0.05,0.01,0.03,0.04,0.01,1.14,0.07,0.03,0.05,0.02,0.06,0.5,0.24,0.28,0.47,0.68,0.35,1.18,0.06,0.42,0.16,0.06,0.08,0.03,0.04,0.06,0.01,0.05,0.02,0.05,
26/06/2023,0.05,0.05,0.04,0.01,0.04,0.05,0.05,0.02,0.01,0.05,0.05,0.01,0.02,0.22,0.06,0.03,0.01,0.03,0.05,0.03,0.01,0.03,0.05,0.03,0.01,0.03,0.05,0.03,0.01,0.03,0.05,0.03,0.01,0.03,0.05,0.03,0.01,0.02,0.66,0.55,0.24,0.19,0.1,0.02,0.04,0.05,0.04,0.01,
27/06/2023,0.04,0.05,0.03,0.01,0.04,0.06,0.05,0.02,0.06,0.05,0.05,0.03,0.01,0.08,0.07,0.05,0.02,0.01,0.03,0.05,0.04,0.01,0.02,0.05,0.05,0.01,0.01,0.05,0.05,0.02,0.01,0.03,0.05,0.03,0.01,0.02,0.05,0.05,0.01,0.03,0.08,0.09,0.02,0.03,0.06,0.04,0.01,0.01,
28/06/2023,0.05,0.05,0.02,0.01,0.03,0.05,0.03,0.01,0.02,0.05,0.04,0.01,0.01,0.18,0.06,0.03,0.01,0.02,0.05,0.04,0.01,0.01,0.05,0.05,0.01,0.01,0.04,0.05,0.02,0.01,0.04,0.05,0.02,0.01,0.03,0.05,0.03,0.01,0.4,0.17,0.14,0.04,0.05,0.05,0.02,0.01,0.04,0.05,
29/06/2023,0.01,0.01,0.04,0.05,0.02,0.01,0.03,0.05,0.02,0.01,0.03,0.05,0.03,0.11,0.06,0.04,0.01,0.01,0.05,0.05,0.01,0.01,0.04,0.05,0.02,0.01,0.03,0.05,0.02,0.01,0.03,0.05,0.03,0.01,0.02,0.05,0.04,0.01,0.01,0.05,0.05,0.01,0.01,0.04,0.05,0.02,0.01,0.03,
