"","Date","Day","Week","Month","00.00","00.30","01.00","01.30","02.00","02.30","03.00","03.30","04.00","04.30","05.00","05.30","06.00","06.30","07.00","07.30","08.00","08.30","09.00","09.30","10.00","10.30","11.00","11.30","12.00","12.30","13.00","13.30","14.00","14.30","15.00","15.30","16.00","16.30","17.00","17.30","18.00","18.30","19.00","19.30","20.00","20.30","21.00","21.30","22.00","22.30","23.00","23.30"
"1",2022-11-08,"Tue",45,"Nov",0.04,0.01,0.01,0.04,0.02,0.01,0.01,0.05,0.01,0.01,0.03,0.04,0.01,0.01,0.04,0.02,0.01,0.01,0.06,0.01,0.32,0.1,0.15,0.05,0.07,0.1,0.01,0.01,0.05,0.09,0.01,0.06,0.07,0.06,0.58,0.05,0.1,0.02,0.1,0.07,0.06,0.09,0.13,0.03,0.02,0.01,0.05,0.03
"2",2022-11-09,"Wed",45,"Nov",0.01,0.01,0.03,0.05,0.01,0.01,0.01,0.05,0.03,0.01,0.01,0.03,0.05,0.01,0.01,0.01,0.04,0.03,0.16,0.07,0.1,0.04,0.01,0.01,0.05,0.02,0.01,0.01,0.04,0.03,0.01,0.01,0.03,0.05,0.01,0.01,0.01,0.05,0.52,0.09,0.04,0.13,0.04,0.01,0.02,0.04,0.05,0.01
"3",2022-11-10,"Thu",45,"Nov",0.01,0.01,0.05,0.02,0.01,0.01,0.04,0.04,0.01,0.01,0.02,0.05,0.02,0.01,0.01,0.04,0.04,0.01,0.01,0.02,0.05,0.08,0.29,0.09,0.08,0.05,0.17,0.03,0.05,0.11,0.01,0.05,0.05,0.05,0.4,0.07,0.09,0.08,0.02,0.09,0.01,0.03,0.05,0.04,0.01,0.01,0.01,0.05
"4",2022-11-11,"Fri",45,"Nov",0.06,0.01,0.02,0.06,0.05,0.04,0.01,0.01,0.01,0.05,0.05,0.01,0.01,0.01,0.09,0.12,0.02,0.01,0.01,0.04,0.04,0.01,0.01,0.02,0.05,0.02,0.01,0.01,0.04,0.04,0.01,0.01,0.02,0.05,0.02,0.22,0.72,0.16,0.06,0.06,0.08,0.08,0.21,0.16,0.13,0.03,0.01,0.01
"5",2022-11-12,"Sat",46,"Nov",0.04,0.06,0.05,0.05,0.05,0.05,0.05,0.05,0.03,0.01,0.01,0.01,0.03,0.05,0.05,0.05,0.02,0.01,0.01,0.01,0.06,0.13,0.34,0.84,0.41,0.04,0.05,0.03,0.01,0.19,0.17,0.01,0.04,0.21,1.06,0.23,0.17,0.05,0.01,0.05,0.01,0.09,0.14,0.1,0.02,0.03,0.01,0.03
"6",2022-11-13,"Sun",46,"Nov",0.03,0.01,0.02,0.04,0.01,0.02,0.04,0.01,0.02,0.04,0.01,0.01,0.04,0.01,0.01,0.04,0.01,0.01,0.04,0.02,0.02,0.04,0.05,0.35,0.09,0.01,0.04,0.01,0.13,0.01,0.02,0.03,0.08,0.08,0.09,0.1,0.15,0.06,0.04,0.03,0.02,0.07,0.03,0.01,0.02,0.04,0.01,0.02
"7",2022-11-14,"Mon",46,"Nov",0.03,0.01,0.02,0.03,0.01,0.02,0.04,0.01,0.01,0.04,0.01,0.01,0.04,0.01,0.01,0.04,0.01,0.01,0.04,0.15,0.09,0.08,0.15,0.14,0.03,0.02,0.03,0.08,0.03,0.11,0.01,0.05,0.1,0.08,0.1,0.05,0.05,0.01,0.01,0.01,0.04,0.05,0.02,0.01,0.01,0.03,0.05,0.01
"8",2022-11-15,"Tue",46,"Nov",0.01,0.01,0.04,0.05,0.01,0.01,0.01,0.04,0.04,0.01,0.01,0.01,0.04,0.04,0.01,0.01,0.01,0.05,0.03,0.01,0.01,0.02,0.06,0.26,0.07,0.05,0.02,0.11,0.02,0.01,0.06,0.1,0.03,0.01,0.01,0.09,0.2,0.06,0.02,0.08,0.2,0.13,0.1,0.03,0.02,0.05,0.02,0.01
"9",2022-11-16,"Wed",46,"Nov",0.01,0.04,0.04,0.01,0.01,0.01,0.05,0.03,0.01,0.01,0.02,0.05,0.01,0.01,0.01,0.03,0.04,0.01,0.01,0.01,0.05,0.06,0.34,0.02,0.09,0.06,0.04,0.09,0.05,0.03,0.01,0.01,0.04,0.12,0.16,0.07,0.07,0.06,0.07,0.01,0.02,0.06,0.03,0.01,0.01,0.08,0.04,0.01
"10",2022-11-17,"Thu",46,"Nov",0.01,0.02,0.05,0.01,0.01,0.01,0.05,0.03,0.01,0.01,0.02,0.05,0.02,0.01,0.01,0.04,0.04,0.01,0.01,0.01,0.06,0.03,0.01,0.01,0.54,0.43,0.07,0.05,0.04,0.06,0.09,0.01,0.01,0.43,0.67,0.06,0.17,0.06,0.03,0.01,0.03,0.06,0.01,0.01,0.01,0.05,0.03,0.01
"11",2022-11-18,"Fri",46,"Nov",0.01,0.02,0.05,0.01,0.01,0.01,0.03,0.05,0.01,0.01,0.01,0.04,0.04,0.01,0.01,0.01,0.04,0.04,0.01,0.04,0.09,0.4,0.56,0.02,0.01,0.01,0.03,0.05,0.01,0.01,0.11,0.1,0.1,0.07,0.92,0.53,0.45,0.12,0.18,0.05,0.05,0.05,0.05,0.17,0.13,0.03,0.01,0.01
"12",2022-11-19,"Sat",47,"Nov",0.04,0.05,0.04,0.01,0.01,0.01,0.04,0.05,0.03,0.01,0.01,0.01,0.03,0.05,0.03,0.01,0.01,0.01,0.04,0.05,0.02,0.07,0.38,0.09,0.09,0.1,0.03,0.01,0.04,0.04,0.01,0.02,0.1,0.13,0.1,0.18,0.1,0.11,0.11,0.19,0.05,0.02,0.02,0.03,0.05,0.02,0.01,0.05
"13",2022-11-20,"Sun",47,"Nov",0.04,0.04,0.01,0.01,0.01,0.04,0.04,0.01,0.01,0.01,0.03,0.05,0.01,0.01,0.01,0.02,0.05,0.02,0.01,0.01,0.01,0.05,0.04,0.28,0.79,0.02,0.05,0.03,0.04,0.12,0.07,0.1,0.05,0.04,0.04,0.12,0.13,0.08,0.1,0.11,0.12,0.2,0.11,0.08,0.03,0.03,0.05,0.01
"14",2022-11-21,"Mon",47,"Nov",0.01,0.01,0.02,0.05,0.02,0.01,0.01,0.01,0.05,0.03,0.01,0.01,0.01,0.06,0.18,0.02,0.01,0.01,0.01,0.05,0.02,0.01,0.01,0.01,0.03,0.05,0.01,0.01,0.01,0.01,0.04,0.04,0.01,0.01,0.01,0.01,0.04,0.4,0.11,0.02,0.1,0.11,0.2,0.1,0.01,0.01,0.01,0.03
"15",2022-11-22,"Tue",47,"Nov",0.05,0.01,0.01,0.01,0.02,0.05,0.04,0.01,0.01,0.01,0.01,0.05,0.03,0.01,0.01,0.01,0.01,0.05,0.03,0.01,0.01,0.01,0.02,0.05,0.02,0.16,0.01,0.01,0.04,0.05,0.06,0.12,0.06,0.07,0.08,0.61,0.69,0.06,0.01,0.01,0.03,0.05,0.02,0.01,0.01,0.01,0.03,0.05
"16",2022-11-23,"Wed",47,"Nov",0.01,0.01,0.01,0.01,0.04,0.05,0.01,0.01,0.01,0.01,0.04,0.07,0.02,0.01,0.03,0.05,0.05,0.01,0.01,0.01,0.02,0.04,0.07,0.33,0.05,0.06,0.07,0.13,0.03,0.01,0.01,0.01,0.06,0.09,0.06,0.05,0.36,0.14,0.05,0.01,0.07,0.01,0.04,0.1,0.07,0.04,0.01,0.01
"17",2022-11-24,"Thu",47,"Nov",0.04,0.05,0.01,0.01,0.01,0.01,0.04,0.04,0.01,0.01,0.01,0.01,0.05,0.03,0.01,0.01,0.01,0.02,0.05,0.03,0.02,0.02,0.01,0.38,0.05,0.1,0.01,0.01,0.12,0.09,0.04,0.04,0.03,0.02,0.41,0.47,0.36,0.09,0.05,0.02,0.08,0.07,0.16,0.07,0.02,0.02,0.04,0.02
"18",2022-11-25,"Fri",47,"Nov",0.01,0.01,0.03,0.04,0.01,0.01,0.01,0.02,0.05,0.02,0.01,0.01,0.01,0.03,0.05,0.01,0.01,0.01,0.01,0.04,0.14,0.05,0.32,0.02,0.01,0.03,0.05,0.01,0.01,0.01,0.01,0.02,0.57,0.04,0.03,0.06,0.2,0.09,0.04,0.01,0.01,0.01,0.01,0.05,0.03,0.01,0.02,0.02
"19",2022-11-26,"Sat",48,"Nov",0.01,0.05,0.04,0.01,0.01,0.01,0.01,0.04,0.04,0.01,0.01,0.01,0.01,0.04,0.05,0.01,0.01,0.01,0.01,0.03,0.05,0.01,0.04,0.32,0.03,0.05,0.01,0.14,0.06,0.06,0.1,0.1,0.01,0.01,0.09,0.19,0.19,0.11,0.1,0.03,0.02,0.05,0.03,0.01,0.02,0.02,0.06,0.03
"20",2022-11-27,"Sun",48,"Nov",0.01,0.01,0.01,0.04,0.04,0.01,0.01,0.01,0.02,0.05,0.02,0.01,0.01,0.01,0.04,0.04,0.01,0.01,0.01,0.01,0.05,0.04,0.02,0.76,0.08,0.06,0.02,0.08,0.05,0.18,0.05,0.03,0.02,0.01,0.01,0.02,0.14,0.23,0.14,0.11,0.11,0.16,0.06,0.06,0.03,0.03,0.08,0.05
"21",2022-11-28,"Mon",48,"Nov",0.05,0.03,0.01,0.01,0.01,0.01,0.05,0.05,0.02,0.01,0.01,0.01,0.03,0.05,0.21,0.03,0.01,0.01,0.03,0.05,0.01,0.01,0.01,0.01,0.05,0.04,0.01,0.01,0.01,0.02,0.05,0.03,0.01,0.01,0.01,0.03,0.05,0.02,0.01,0.01,0.01,0.04,0.05,0.01,0.01,0.01,0.12,0.04
"22",2022-11-29,"Tue",48,"Nov",0.01,0.01,0.01,0.02,0.05,0.02,0.01,0.01,0.01,0.03,0.05,0.01,0.01,0.01,0.01,0.04,0.04,0.01,0.01,0.01,0.01,0.05,0.03,0.27,0.66,0.04,0.05,0.09,0.02,0.01,0.03,0.16,0.06,0.06,0.04,0.34,0.07,0.03,0.05,0.09,0.01,0.13,0.04,0.01,0.01,0.01,0.02,0.05
"23",2022-11-30,"Wed",48,"Nov",0.02,0.01,0.02,0.01,0.04,0.04,0.01,0.01,0.01,0.01,0.05,0.03,0.01,0.01,0.01,0.02,0.05,0.02,0.01,0.01,0.01,0.03,0.05,0.25,0.77,0.73,1.01,0.08,0.01,0.01,0.02,0.11,0.03,0.1,0.5,0.54,0.23,0.19,0.04,0.03,0.04,0.07,0.03,0.04,0.01,0.01,0.01,0.05
"24",2022-12-01,"Thu",48,"Dec",0.03,0.01,0.01,0.01,0.04,0.04,0.01,0.01,0.01,0.01,0.05,0.03,0.01,0.01,0.15,0.1,0.03,0.01,0.01,0.01,0.03,0.05,0.02,0.01,0.01,0.01,0.03,0.05,0.02,0.01,0.01,0.01,0.03,0.05,0.01,0.01,0.01,0.01,0.1,0.11,0.01,0.01,0.02,0.02,0.05,0.03,0.01,0.01
"25",2022-12-02,"Fri",48,"Dec",0.01,0.01,0.05,0.03,0.01,0.01,0.01,0.01,0.05,0.03,0.01,0.01,0.01,0.01,0.05,0.03,0.01,0.01,0.01,0.01,0.05,0.03,0.01,0.18,0.09,0.07,0.16,0.03,0.01,0.03,0.1,0.19,0.11,0.11,0.53,0.23,0.21,0.13,0.09,0.11,0.11,0.08,0.05,0.01,0.02,0.02,0.01,0.05
"26",2022-12-03,"Sat",49,"Dec",0.03,0.01,0.01,0.01,0.02,0.05,0.02,0.01,0.01,0.01,0.03,0.05,0.01,0.01,0.01,0.01,0.04,0.04,0.01,0.01,0.01,0.01,0.05,0.06,0.07,0.22,0.88,1.33,0.88,0.03,0.01,0.01,0.09,0.14,0.58,0.09,0.16,0.07,0.01,0.01,0.01,0.03,0.09,0.02,0.01,0.02,0.02,0.05
"27",2022-12-04,"Sun",49,"Dec",0.02,0.01,0.01,0.01,0.05,0.03,0.01,0.01,0.01,0.03,0.05,0.01,0.01,0.01,0.01,0.05,0.03,0.01,0.01,0.01,0.03,0.05,0.12,0.03,0.04,0.09,0.08,0.01,0.01,0.01,0.01,0.05,0.03,0.01,0.01,0.01,0.03,0.05,0.01,0.01,0.01,0.01,0.04,0.04,0.01,0.01,0.01,0.01
"28",2022-12-05,"Mon",49,"Dec",0.04,0.04,0.01,0.01,0.01,0.01,0.05,0.03,0.01,0.01,0.01,0.01,0.05,0.03,0.01,0.01,0.01,0.01,0.05,0.03,0.01,0.01,0.01,0.01,0.05,0.03,0.01,0.01,0.01,0.01,0.05,0.03,0.01,0.01,0.01,0.01,0.05,0.03,0.01,0.01,0.01,0.01,0.05,0.03,0.01,0.01,0.01,0.01
"29",2022-12-06,"Tue",49,"Dec",0.05,0.03,0.01,0.01,0.01,0.01,0.05,0.03,0.01,0.01,0.01,0.01,0.05,0.03,0.01,0.01,0.01,0.01,0.05,0.04,0.01,0.01,0.01,0.01,0.04,0.04,0.01,0.01,0.01,0.01,0.04,0.05,0.01,0.01,0.01,0.01,0.03,0.05,0.01,0.01,0.01,0.01,0.03,0.05,0.02,0.01,0.01,0.01
"30",2022-12-07,"Wed",49,"Dec",0.02,0.05,0.02,0.01,0.01,0.01,0.01,0.05,0.03,0.01,0.01,0.01,0.01,0.04,0.04,0.01,0.01,0.01,0.01,0.03,0.05,0.02,0.01,0.01,0.01,0.01,0.05,0.07,0.01,0.01,0.01,0.03,0.05,0.04,0.01,0.01,0.01,0.01,0.02,0.05,0.03,0.01,0.01,0.01,0.01,0.04,0.05,0.01
"31",2022-12-08,"Thu",49,"Dec",0.01,0.01,0.01,0.01,0.05,0.03,0.01,0.01,0.01,0.01,0.03,0.05,0.02,0.01,0.01,0.01,0.01,0.04,0.02,0.01,0.01,0.01,0.04,0.05,0.01,0.01,0.01,0.01,0.01,0.05,0.01,0.01,0.01,0.01,0.05,0.03,0.01,0.01,0.01,0.01,0.02,0.04,0.01,0.01,0.01,0.01,0.05,0.03
"32",2022-12-09,"Fri",49,"Dec",0.01,0.01,0.01,0.01,0.03,0.03,0.01,0.01,0.01,0.01,0.05,0.03,0.01,0.01,0.01,0.01,0.03,0.03,0.01,0.01,0.01,0.01,0.04,0.04,0.01,0.01,0.01,0.01,0.01,0.04,0.01,0.01,0.01,0.01,0.03,0.05,0.02,0.01,0.01,0.01,0.01,0.04,0.02,0.01,0.02,0.01,0.04,0.05
"33",2022-12-10,"Sat",50,"Dec",0.02,0.01,0.01,0.01,0.01,0.04,0.02,0.01,0.01,0.01,0.01,0.05,0.03,0.01,0.01,0.01,0.01,0.02,0.03,0.01,0.01,0.01,0.01,0.02,0.39,0.31,1.08,0.04,0.04,0.05,0.01,0.1,0.04,0.01,0.01,0.05,0.01,0.01,0.07,0.01,0.02,0.05,0.02,0.01,0.01,0.01,0.01,0.04
"34",2022-12-11,"Sun",50,"Dec",0.03,0.02,0.01,0.01,0.01,0.04,0.02,0.01,0.01,0.01,0.01,0.03,0.03,0.01,0.01,0.01,0.01,0.04,0.05,0.01,0.01,0.01,0.03,0.14,0.29,0.02,0.12,0.01,0.01,0.13,0.07,0.05,0.04,0.03,0.43,0.7,0.2,0.14,0.04,0.03,0.01,0.01,0.04,0.02,0.01,0.02,0.02,0.01
"35",2022-12-12,"Mon",50,"Dec",0.05,0.02,0.01,0.01,0.01,0.01,0.03,0.03,0.01,0.01,0.01,0.01,0.03,0.03,0.17,0.02,0.01,0.01,0.03,0.03,0.01,0.01,0.01,0.01,0.03,0.03,0.01,0.01,0.01,0.01,0.03,0.03,0.01,0.01,0.01,0.01,0.03,0.05,0.02,0.01,0.01,0.01,0.17,0.04,0.02,0.01,0.02,0.01
"36",2022-12-13,"Tue",50,"Dec",0.01,0.04,0.02,0.01,0.01,0.01,0.01,0.04,0.02,0.01,0.01,0.01,0.01,0.03,0.03,0.01,0.01,0.01,0.01,0.03,0.03,0.01,0.01,0.01,0.07,0.24,0.05,0.01,0.01,0.13,0.04,0.05,0.09,0.04,0.04,0.04,0.33,0.1,0.05,0.01,0.01,0.01,0.01,0.01,0.05,0.01,0.02,0.02
"37",2022-12-14,"Wed",50,"Dec",0.01,0.01,0.05,0.03,0.01,0.01,0.01,0.01,0.03,0.03,0.01,0.01,0.01,0.01,0.13,0.05,0.02,0.01,0.01,0.01,0.02,0.06,0.03,0.01,0.01,0.01,0.04,0.05,0.03,0.01,0.01,0.01,0.01,0.03,0.03,0.01,0.01,0.01,0.01,0.03,0.03,0.09,0.2,0.12,0.11,0.05,0.04,0.01
"38",2022-12-15,"Thu",50,"Dec",0.01,0.01,0.01,0.01,0.05,0.01,0.01,0.01,0.01,0.01,0.05,0.01,0.01,0.01,0.15,0.04,0.06,0.02,0.01,0.01,0.01,0.01,0.03,0.03,0.01,0.01,0.01,0.01,0.03,0.03,0.01,0.01,0.01,0.01,0.03,0.03,0.01,0.01,0.01,0.01,0.03,0.03,0.01,0.01,0.01,0.01,0.03,0.03
"39",2022-12-16,"Fri",50,"Dec",0.01,0.01,0.01,0.01,0.02,0.04,0.01,0.01,0.01,0.01,0.02,0.04,0.01,0.01,0.01,0.01,0.02,0.04,0.01,0.01,0.01,0.01,0.02,0.04,0.01,0.01,0.01,0.01,0.02,0.05,0.03,0.01,0.01,0.01,0.01,0.03,0.04,0.04,0.02,0.01,0.39,0.03,0.04,0.02,0.01,0.01,0.01,0.03
"40",2022-12-17,"Sat",51,"Dec",0.05,0.01,0.01,0.01,0.01,0.01,0.05,0.01,0.01,0.01,0.01,0.01,0.05,0.01,0.01,0.01,0.01,0.01,0.04,0.02,0.01,0.01,0.01,0.38,0.48,1.29,0.2,0.01,0.08,0.01,0.04,0.02,0.01,0.35,0.79,0.29,0.23,0.14,0.12,0.03,0.02,0.01,0.03,0.03,0.01,0.01,0.01,0.01
"41",2022-12-18,"Sun",51,"Dec",0.05,0.03,0.01,0.01,0.01,0.01,0.02,0.04,0.01,0.01,0.01,0.01,0.02,0.04,0.01,0.01,0.02,0.02,0.04,0.05,0.01,0.32,0.03,0.14,0.03,0.05,0.02,0.09,0.67,0.42,0.03,0.05,0.01,0.07,0.22,0.12,0.16,0.12,0.11,0.13,0.07,0.02,0.05,0.02,0.01,0.01,0.01,0.01
"42",2022-12-19,"Mon",51,"Dec",0.04,0.02,0.01,0.01,0.01,0.01,0.04,0.02,0.01,0.01,0.01,0.01,0.05,0.04,0.17,0.02,0.01,0.01,0.02,0.04,0.01,0.01,0.01,0.01,0.02,0.05,0.03,0.01,0.01,0.01,0.01,0.03,0.03,0.01,0.01,0.01,0.01,0.03,0.03,0.01,0.02,0.05,0.02,0.28,0.04,0.01,0.03,0.02
"43",2022-12-20,"Tue",51,"Dec",0.02,0.05,0.02,0.01,0.01,0.01,0.01,0.04,0.04,0.01,0.01,0.01,0.01,0.02,0.04,0.01,0.01,0.01,0.01,0.05,0.03,0.01,0.36,0.05,0.64,0.91,0.09,0.05,0.05,0.05,0.04,0.07,0.04,0.01,0.6,0.02,0.04,0.03,0.01,0.01,0.02,0.02,0.04,0.04,0.01,0.01,0.01,0.01
"44",2022-12-21,"Wed",51,"Dec",0.03,0.05,0.01,0.01,0.01,0.01,0.01,0.05,0.03,0.01,0.01,0.01,0.01,0.03,0.03,0.01,0.01,0.01,0.02,0.05,0.02,0.01,0.02,0.17,0.11,0.05,0.02,0.05,0.04,0.01,0.01,0.01,0.01,0.02,0.04,0.01,0.01,0.01,0.02,0.05,0.02,0.01,0.01,0.01,0.01,0.03,0.03,0.01
"45",2022-12-22,"Thu",51,"Dec",0.01,0.01,0.03,0.05,0.01,0.01,0.01,0.01,0.01,0.05,0.01,0.01,0.01,0.01,0.05,0.03,0.01,0.01,0.01,0.01,0.02,0.04,0.01,0.01,0.01,0.02,0.05,0.02,0.01,0.01,0.01,0.01,0.06,0.05,0.01,0.01,0.01,0.01,0.02,0.05,0.02,0.01,0.01,0.01,0.01,0.04,0.02,0.01
"46",2022-12-23,"Fri",51,"Dec",0.01,0.01,0.03,0.05,0.01,0.01,0.01,0.01,0.01,0.05,0.01,0.01,0.01,0.01,0.05,0.03,0.01,0.01,0.01,0.01,0.02,0.03,0.01,0.01,0.01,0.03,0.05,0.02,0.01,0.01,0.01,0.01,0.05,0.03,0.01,0.01,0.01,0.01,0.02,0.04,0.01,0.01,0.01,0.03,0.05,0.02,0.01,0.01
"47",2022-12-24,"Sat",52,"Dec",0.01,0.01,0.05,0.03,0.01,0.01,0.01,0.01,0.03,0.05,0.01,0.01,0.01,0.01,0.01,0.05,0.01,0.01,0.01,0.01,0.05,0.03,0.01,0.01,0.01,0.01,0.03,0.05,0.01,0.01,0.01,0.01,0.01,0.05,0.03,0.01,0.01,0.01,0.01,0.03,0.05,0.01,0.01,0.01,0.01,0.01,0.05,0.03
"48",2022-12-25,"Sun",52,"Dec",0.01,0.01,0.01,0.01,0.03,0.05,0.01,0.01,0.01,0.01,0.01,0.05,0.03,0.01,0.01,0.01,0.01,0.03,0.05,0.01,0.01,0.01,0.01,0.01,0.05,0.03,0.01,0.01,0.01,0.01,0.03,0.05,0.01,0.01,0.01,0.01,0.01,0.05,0.03,0.01,0.01,0.01,0.01,0.03,0.05,0.01,0.01,0.01
"49",2022-12-26,"Mon",52,"Dec",0.01,0.01,0.05,0.03,0.01,0.01,0.01,0.01,0.03,0.03,0.01,0.01,0.01,0.02,0.05,0.02,0.01,0.01,0.01,0.01,0.04,0.02,0.01,0.01,0.01,0.03,0.04,0.01,0.01,0.01,0.01,0.01,0.05,0.01,0.01,0.01,0.01,0.05,0.03,0.01,0.01,0.01,0.01,0.02,0.03,0.01,0.01,0.01
"50",2022-12-27,"Tue",52,"Dec",0.01,0.05,0.03,0.01,0.01,0.01,0.01,0.03,0.03,0.01,0.01,0.01,0.02,0.05,0.02,0.01,0.01,0.01,0.01,0.04,0.02,0.01,0.01,0.01,0.02,0.05,0.02,0.01,0.01,0.01,0.01,0.04,0.02,0.01,0.01,0.01,0.02,0.05,0.02,0.01,0.01,0.01,0.01,0.05,0.02,0.03,0.05,0.03
"51",2022-12-28,"Wed",52,"Dec",0.01,0.01,0.01,0.01,0.02,0.04,0.01,0.01,0.01,0.01,0.05,0.03,0.01,0.01,0.01,0.01,0.02,0.04,0.01,0.01,0.01,0.01,0.04,0.04,0.01,0.01,0.01,0.01,0.02,0.04,0.01,0.01,0.01,0.01,0.04,0.04,0.01,0.01,0.01,0.01,0.02,0.04,0.01,0.01,0.01,0.01,0.04,0.04
"52",2022-12-29,"Thu",52,"Dec",0.01,0.01,0.01,0.01,0.02,0.04,0.01,0.01,0.01,0.01,0.04,0.05,0.01,0.01,0.01,0.01,0.01,0.05,0.01,0.01,0.01,0.01,0.02,0.05,0.02,0.01,0.01,0.01,0.01,0.04,0.02,0.01,0.01,0.01,0.01,0.05,0.03,0.01,0.01,0.01,0.01,0.03,0.03,0.01,0.01,0.01,0.01,0.04
"53",2022-12-30,"Fri",52,"Dec",0.04,0.01,0.01,0.01,0.01,0.01,0.05,0.01,0.01,0.01,0.01,0.02,0.05,0.02,0.01,0.01,0.01,0.01,0.04,0.02,0.01,0.01,0.01,0.01,0.05,0.03,0.01,0.01,0.01,0.01,0.03,0.03,0.01,0.01,0.01,0.01,0.04,0.04,0.01,0.01,0.01,0.01,0.02,0.04,0.01,0.01,0.01,0.01
"54",2022-12-31,"Sat",53,"Dec",0.04,0.04,0.01,0.01,0.01,0.01,0.01,0.05,0.01,0.01,0.01,0.01,0.03,0.05,0.01,0.01,0.01,0.01,0.01,0.05,0.01,0.01,0.01,0.01,0.03,0.05,0.01,0.01,0.01,0.01,0.01,0.05,0.01,0.01,0.01,0.01,0.03,0.05,0.01,0.01,0.01,0.01,0.01,0.05,0.01,0.01,0.01,0.01
"55",2023-01-01,"Sun",1,"Jan",0.04,0.04,0.01,0.01,0.01,0.01,0.02,0.04,0.01,0.01,0.01,0.01,0.05,0.03,0.01,0.01,0.01,0.01,0.03,0.03,0.01,0.01,0.01,0.03,0.05,0.02,0.01,0.01,0.01,0.01,0.04,0.02,0.01,0.01,0.01,0.04,0.04,0.01,0.01,0.01,0.01,0.02,0.04,0.01,0.01,0.01,0.02,0.05
"56",2023-01-02,"Mon",1,"Jan",0.02,0.01,0.01,0.01,0.01,0.03,0.03,0.01,0.01,0.01,0.03,0.05,0.01,0.01,0.01,0.01,0.01,0.05,0.02,0.01,0.01,0.01,0.04,0.04,0.01,0.01,0.01,0.01,0.01,0.05,0.01,0.01,0.01,0.01,0.05,0.03,0.01,0.01,0.01,0.01,0.03,0.03,0.01,0.01,0.01,0.02,0.05,0.02
"57",2023-01-03,"Tue",1,"Jan",0.01,0.01,0.01,0.01,0.04,0.02,0.01,0.01,0.01,0.03,0.05,0.01,0.01,0.01,0.01,0.01,0.05,0.01,0.01,0.01,0.01,0.05,0.03,0.01,0.01,0.01,0.01,0.03,0.06,0.02,0.01,0.01,0.05,0.05,0.02,0.01,0.01,0.01,0.01,0.05,0.04,0.01,0.01,0.01,0.01,0.03,0.05,0.01
"58",2023-01-04,"Wed",1,"Jan",0.01,0.01,0.01,0.02,0.05,0.02,0.01,0.01,0.01,0.01,0.05,0.04,0.01,0.01,0.01,0.01,0.03,0.05,0.01,0.01,0.01,0.01,0.02,0.05,0.02,0.01,0.01,0.01,0.02,0.05,0.02,0.01,0.01,0.01,0.01,0.05,0.03,0.01,0.01,0.01,0.01,0.05,0.03,0.01,0.01,0.01,0.01,0.05
"59",2023-01-05,"Thu",1,"Jan",0.03,0.01,0.01,0.01,0.01,0.05,0.03,0.01,0.01,0.01,0.02,0.05,0.02,0.01,0.01,0.01,0.02,0.05,0.02,0.01,0.01,0.01,0.03,0.05,0.01,0.01,0.01,0.01,0.04,0.04,0.01,0.01,0.01,0.01,0.05,0.03,0.01,0.01,0.01,0.02,0.05,0.02,0.01,0.01,0.01,0.03,0.05,0.01
"60",2023-01-06,"Fri",1,"Jan",0.01,0.01,0.01,0.04,0.04,0.01,0.01,0.01,0.01,0.05,0.03,0.01,0.01,0.01,0.02,0.05,0.02,0.01,0.01,0.01,0.03,0.05,0.01,0.01,0.01,0.01,0.04,0.04,0.01,0.01,0.01,0.01,0.05,0.03,0.01,0.01,0.01,0.02,0.05,0.02,0.01,0.01,0.01,0.03,0.04,0.01,0.01,0.01
"61",2023-01-07,"Sat",1,"Jan",0.01,0.05,0.03,0.01,0.01,0.01,0.02,0.05,0.02,0.01,0.01,0.01,0.04,0.04,0.01,0.01,0.01,0.01,0.05,0.03,0.01,0.01,0.01,0.03,0.05,0.02,0.01,0.01,0.02,0.05,0.05,0.03,0.03,0.01,0.18,0.02,0.05,0.05,0.04,0.02,0.06,0.06,0.06,0.07,0.07,0.05,0.01,0.01
"62",2023-01-08,"Sun",2,"Jan",0.01,0.01,0.03,0.05,0.03,0.01,0.01,0.01,0.01,0.03,0.03,0.01,0.01,0.01,0.03,0.05,0.02,0.01,0.01,0.01,0.01,0.04,0.18,0.09,0.04,0.04,0.14,0.07,0.04,0.03,0.02,0.11,0.07,0.1,0.05,0.05,0.8,0.55,0.02,0.19,0.06,0.06,0.02,0.05,0.05,0.03,0.01,0.01
"63",2023-01-09,"Mon",2,"Jan",0.01,0.03,0.05,0.01,0.01,0.01,0.01,0.03,0.05,0.02,0.01,0.01,0.01,0.01,0.18,0.04,0.01,0.01,0.01,0.05,0.01,0.01,0.01,0.01,0.05,0.02,0.01,0.01,0.01,0.04,0.03,0.01,0.01,0.01,0.03,0.04,0.01,0.01,0.01,0.01,0.22,0.52,0.16,0.01,0.03,0.03,0.01,0.01
"64",2023-01-10,"Tue",2,"Jan",0.01,0.04,0.03,0.01,0.01,0.01,0.04,0.02,0.01,0.01,0.01,0.04,0.02,0.01,0.15,0.06,0.04,0.01,0.01,0.01,0.03,0.03,0.01,0.01,0.01,0.03,0.03,0.01,0.01,0.01,0.03,0.03,0.01,0.01,0.01,0.04,0.04,0.06,0.61,0.21,0.06,0.01,0.02,0.01,0.05,0.01,0.01,0.01
"65",2023-01-11,"Wed",2,"Jan",0.03,0.03,0.01,0.01,0.01,0.05,0.02,0.01,0.01,0.02,0.05,0.01,0.01,0.01,0.15,0.06,0.01,0.01,0.01,0.04,0.02,0.01,0.01,0.01,0.05,0.02,0.01,0.01,0.01,0.05,0.01,0.01,0.01,0.01,0.05,0.01,0.01,0.01,0.02,0.05,0.01,0.01,0.29,0.47,0.03,0.14,0.02,0.04
"66",2023-01-12,"Thu",2,"Jan",0.04,0.01,0.01,0.01,0.05,0.01,0.01,0.01,0.03,0.03,0.01,0.01,0.01,0.04,0.02,0.01,0.01,0.02,0.05,0.01,0.02,0.8,0.06,0.05,0.06,0.03,0.02,0.04,0.09,0.04,0.03,0.06,0.17,0.81,0.15,0.17,0.03,0.01,0.02,0.02,0.05,0.02,0.01,0.01,0.02,0.05,0.01,0.01
"67",2023-01-13,"Fri",2,"Jan",0.01,0.03,0.03,0.01,0.01,0.01,0.04,0.02,0.01,0.01,0.01,0.05,0.01,0.01,0.16,0.07,0.03,0.01,0.01,0.01,0.04,0.02,0.01,0.01,0.01,0.05,0.02,0.01,0.01,0.02,0.05,0.01,0.01,0.01,0.02,0.04,0.01,0.01,0.01,0.03,0.04,0.01,0.02,0.16,0.04,0.02,0.01,0.03
"68",2023-01-14,"Sat",2,"Jan",0.03,0.01,0.01,0.04,0.02,0.01,0.01,0.03,0.03,0.01,0.01,0.01,0.05,0.02,0.01,0.01,0.02,0.04,0.01,0.01,0.01,0.08,0.2,0.06,0.16,0.01,0.04,0.02,0.14,0.05,0.07,0.07,0.57,0.55,0.49,0.14,0.13,0.13,0.2,0.04,0.02,0.01,0.01,0.04,0.06,0.01,0.01,0.05
"69",2023-01-15,"Sun",3,"Jan",0.04,0.01,0.01,0.01,0.03,0.04,0.01,0.01,0.01,0.02,0.05,0.01,0.01,0.01,0.01,0.05,0.01,0.01,0.02,0.02,0.22,0.08,0.08,0.04,0.01,0.02,0.05,1.38,0.03,0.11,0.02,0.05,0.01,0.01,0.01,0.01,0.05,0.13,0.05,0.01,0.14,0.05,0.01,0.01,0.01,0.01,0.05,0.01
"70",2023-01-16,"Mon",3,"Jan",0.01,0.01,0.01,0.05,0.02,0.01,0.01,0.01,0.04,0.03,0.01,0.01,0.01,0.02,0.19,0.04,0.01,0.01,0.03,0.03,0.01,0.01,0.01,0.02,0.04,0.01,0.01,0.01,0.01,0.05,0.02,0.01,0.01,0.01,0.03,0.03,0.01,0.01,0.01,0.01,0.05,0.02,0.02,0.78,0.37,0.09,0.02,0.02
"71",2023-01-17,"Tue",3,"Jan",0.01,0.01,0.05,0.02,0.01,0.01,0.01,0.04,0.03,0.01,0.01,0.01,0.02,0.05,0.01,0.01,0.03,0.2,0.06,0.2,0.01,0.01,0.01,0.03,0.03,0.01,0.01,0.01,0.01,0.04,0.02,0.01,0.01,0.01,0.01,0.05,0.01,0.01,0.01,0.01,0.01,0.05,0.01,0.01,0.01,0.01,0.01,0.05
"72",2023-01-18,"Wed",3,"Jan",0.02,0.01,0.01,0.01,0.01,0.04,0.02,0.01,0.01,0.01,0.01,0.05,0.02,0.01,0.01,0.01,0.01,0.04,0.02,0.01,0.01,0.01,0.01,0.05,0.02,0.01,0.01,0.01,0.01,0.04,0.02,0.01,0.01,0.01,0.01,0.05,0.01,0.01,0.01,0.01,0.01,0.05,0.01,0.01,0.01,0.01,0.01,0.05
"73",2023-01-19,"Thu",3,"Jan",0.02,0.01,0.01,0.01,0.01,0.04,0.02,0.01,0.01,0.01,0.01,0.04,0.02,0.01,0.01,0.01,0.01,0.04,0.02,0.01,0.01,0.01,0.01,0.03,0.03,0.01,0.01,0.01,0.01,0.04,0.02,0.01,0.01,0.01,0.01,0.03,0.03,0.01,0.01,0.01,0.01,0.03,0.03,0.01,0.01,0.01,0.01,0.02
"74",2023-01-20,"Fri",3,"Jan",0.03,0.01,0.01,0.01,0.01,0.02,0.04,0.01,0.01,0.01,0.01,0.02,0.04,0.01,0.01,0.01,0.01,0.02,0.04,0.01,0.01,0.01,0.08,0.17,0.11,0.04,0.06,0.04,0.08,0.06,0.05,0.3,0.04,0.26,0.8,0.01,0.21,0.27,0.06,0.02,0.01,0.01,0.01,0.03,0.03,0.01,0.01,0.01
"75",2023-01-21,"Sat",3,"Jan",0.01,0.04,0.02,0.01,0.01,0.01,0.01,0.04,0.03,0.01,0.01,0.01,0.01,0.03,0.03,0.01,0.01,0.01,0.01,0.04,0.02,0.17,0.04,0.11,0.19,0.02,0.04,0.06,0.02,0.05,0.01,0.02,0.02,0.01,0.01,0.05,0.03,0.01,0.01,0.01,0.01,0.03,0.03,0.01,0.01,0.01,0.01,0.05
"76",2023-01-22,"Sun",4,"Jan",0.03,0.01,0.01,0.01,0.03,0.17,0.03,0.01,0.01,0.01,0.01,0.03,0.03,0.01,0.01,0.01,0.01,0.03,0.04,0.03,0.05,0.03,0.01,0.16,0.04,0.02,0.05,0.02,0.01,0.01,0.01,0.01,0.03,0.03,0.01,0.19,0.69,1.06,0.54,0.05,0.16,0.24,0.07,0.01,0.03,0.01,0.04,0.02
"77",2023-01-23,"Mon",4,"Jan",0.03,0.01,0.01,0.04,0.01,0.01,0.02,0.04,0.01,0.01,0.01,0.04,0.02,0.01,0.14,0.07,0.01,0.01,0.01,0.02,0.04,0.01,0.01,0.01,0.01,0.04,0.02,0.01,0.01,0.01,0.01,0.05,0.02,0.01,0.01,0.01,0.01,0.05,0.05,0.09,0.12,0.01,0.06,0.03,0.01,0.01,0.01,0.04
"78",2023-01-24,"Tue",4,"Jan",0.03,0.01,0.01,0.01,0.02,0.05,0.01,0.01,0.01,0.01,0.03,0.03,0.01,0.01,0.13,0.06,0.03,0.01,0.01,0.01,0.01,0.04,0.02,0.01,0.01,0.01,0.02,0.05,0.01,0.01,0.01,0.01,0.04,0.02,0.01,0.01,0.01,0.02,0.05,0.01,0.01,0.01,0.01,0.04,0.03,0.01,0.01,0.01
"79",2023-01-25,"Wed",4,"Jan",0.02,0.05,0.01,0.01,0.01,0.01,0.04,0.03,0.01,0.01,0.01,0.02,0.05,0.01,0.01,0.01,0.01,0.04,0.03,0.01,0.01,0.01,0.02,0.04,0.01,0.01,0.01,0.01,0.05,0.01,0.01,0.01,0.01,0.04,0.03,0.08,0.13,0.03,0.03,0.14,0.01,0.01,0.04,0.03,0.01,0.01,0.01,0.04
"80",2023-01-26,"Thu",4,"Jan",0.02,0.01,0.01,0.01,0.04,0.02,0.01,0.01,0.01,0.04,0.03,0.01,0.01,0.01,0.19,0.06,0.02,0.01,0.01,0.04,0.02,0.01,0.01,0.01,0.04,0.02,0.01,0.01,0.01,0.04,0.02,0.01,0.01,0.01,0.04,0.03,0.01,0.01,0.01,0.05,0.15,0.4,1.16,0.07,0.04,0.01,0.01,0.01
"81",2023-01-27,"Fri",4,"Jan",0.05,0.02,0.01,0.01,0.02,0.04,0.01,0.01,0.01,0.03,0.04,0.01,0.01,0.01,0.2,0.07,0.01,0.01,0.01,0.04,0.02,0.01,0.01,0.01,0.05,0.01,0.01,0.01,0.02,0.04,0.01,0.01,0.01,0.03,0.03,0.01,0.01,0.01,0.03,0.03,0.01,0.01,0.01,0.03,0.03,0.01,0.01,0.01
"82",2023-01-28,"Sat",4,"Jan",0.03,0.03,0.01,0.03,0.02,0.03,0.03,0.01,0.01,0.01,0.03,0.04,0.01,0.01,0.01,0.02,0.04,0.01,0.01,0.01,0.02,0.2,0.47,1.13,0.03,0.04,0.13,0.02,0.06,0.04,0.02,0.07,0.05,0.07,0.05,0.04,0.18,0.02,0.17,0.03,0.04,0.01,0.02,0.01,0.06,0.01,0.05,0.03
"83",2023-01-29,"Sun",5,"Jan",0.01,0.01,0.01,0.04,0.03,0.01,0.01,0.01,0.04,0.03,0.01,0.01,0.01,0.04,0.02,0.01,0.01,0.01,0.04,0.04,0.02,0.07,0.42,1.23,0.29,0.01,0.03,0.45,0.57,0.74,0.18,0.05,0.07,1.05,0.62,0.74,0.08,0.13,0.05,0.02,0.04,0.06,0.15,0.07,0.04,0.03,0.03,0.01
"84",2023-01-30,"Mon",5,"Jan",0.04,0.01,0.01,0.04,0.01,0.01,0.04,0.01,0.01,0.02,0.04,0.01,0.01,0.01,0.2,0.03,0.01,0.01,0.04,0.02,0.01,0.01,0.02,0.05,0.01,0.01,0.01,0.02,0.05,0.01,0.01,0.01,0.01,0.05,0.01,0.01,0.01,0.01,0.04,0.05,0.16,0.01,0.02,0.07,0.03,0.02,0.01,0.04
"85",2023-01-31,"Tue",5,"Jan",0.03,0.01,0.01,0.01,0.04,0.02,0.01,0.01,0.01,0.05,0.02,0.01,0.01,0.01,0.16,0.05,0.01,0.01,0.01,0.05,0.01,0.01,0.01,0.01,0.05,0.01,0.01,0.01,0.01,0.05,0.02,0.01,0.01,0.01,0.04,0.02,0.01,0.01,0.01,0.03,0.03,0.01,0.01,0.01,0.09,0.16,0.02,0.01
"86",2023-02-01,"Wed",5,"Feb",0.01,0.03,0.03,0.01,0.01,0.01,0.03,0.03,0.01,0.01,0.01,0.03,0.03,0.01,0.14,0.05,0.05,0.01,0.01,0.01,0.02,0.04,0.01,0.01,0.01,0.03,0.03,0.01,0.01,0.01,0.04,0.03,0.01,0.01,0.01,0.04,0.7,0.41,0.06,0.05,0.45,0.4,0.27,0.02,0.19,0.02,0.02,0.01
"87",2023-02-02,"Thu",5,"Feb",0.04,0.01,0.01,0.01,0.05,0.01,0.01,0.01,0.04,0.03,0.01,0.01,0.01,0.05,0.18,0.04,0.04,0.02,0.01,0.01,0.02,0.04,0.01,0.01,0.01,0.04,0.03,0.01,0.01,0.01,0.05,0.02,0.01,0.01,0.02,0.05,0.01,0.01,0.01,0.03,0.04,0.01,0.01,0.01,0.03,0.03,0.08,0.15
"88",2023-02-03,"Fri",5,"Feb",0.05,0.03,0.01,0.01,0.01,0.05,0.01,0.01,0.01,0.02,0.04,0.01,0.01,0.01,0.04,0.03,0.01,0.01,0.01,0.05,0.2,0.04,0.01,0.04,0.03,0.01,0.02,0.04,0.06,0.06,0.13,0.04,0.03,0.06,0.03,0.05,0.01,0.01,0.02,0.04,0.01,0.01,0.03,0.03,0.02,0.02,0.04,0.02
"89",2023-02-04,"Sat",5,"Feb",0.01,0.01,0.04,0.02,0.01,0.01,0.04,0.02,0.01,0.01,0.03,0.03,0.01,0.01,0.02,0.04,0.01,0.01,0.01,0.05,0.08,0.74,1.15,0.31,0.02,0.01,0.15,0.03,0.02,0.01,0.04,0.03,0.01,0.01,0.01,0.05,0.03,0.01,0.01,0.01,0.05,0.02,0.01,0.01,0.01,0.05,0.02,0.01
"90",2023-02-05,"Sun",6,"Feb",0.01,0.01,0.05,0.01,0.01,0.01,0.02,0.04,0.01,0.01,0.01,0.03,0.03,0.01,0.01,0.01,0.04,0.02,0.01,0.01,0.01,0.05,0.01,0.01,0.01,0.03,0.04,0.01,0.06,0.02,0.05,0.01,0.01,0.01,0.03,0.03,0.04,0.05,0.03,0.03,0.01,0.01,0.04,0.02,0.01,0.01,0.04,0.02
"91",2023-02-06,"Mon",6,"Feb",0.01,0.01,0.03,0.03,0.01,0.01,0.01,0.05,0.01,0.01,0.01,0.04,0.03,0.01,0.01,0.01,0.05,0.01,0.01,0.01,0.36,0.06,0.05,0.02,0.04,0.02,0.01,0.01,0.04,0.02,0.01,0.01,0.04,0.02,0.01,0.01,0.03,0.03,0.01,0.01,0.02,0.04,0.01,0.01,0.01,0.05,0.01,0.01
"92",2023-02-07,"Tue",6,"Feb",0.01,0.04,0.03,0.01,0.01,0.02,0.04,0.01,0.01,0.01,0.04,0.02,0.01,0.01,0.02,0.04,0.01,0.01,0.01,0.04,0.02,0.01,0.01,0.02,0.04,0.01,0.01,0.01,0.04,0.02,0.01,0.01,0.02,0.04,0.01,0.01,0.03,0.37,0.35,0.32,0.52,0.21,0.03,0.02,0.04,0.02,0.01,0.01
"93",2023-02-08,"Wed",6,"Feb",0.05,0.02,0.01,0.01,0.04,0.02,0.01,0.01,0.04,0.02,0.01,0.01,0.02,0.04,0.13,0.04,0.04,0.02,0.01,0.01,0.03,0.03,0.01,0.01,0.01,0.05,0.01,0.01,0.01,0.03,0.03,0.01,0.01,0.01,0.05,0.01,0.01,0.01,0.04,0.03,0.01,0.01,0.01,0.05,0.01,0.01,0.06,0.38
"94",2023-02-09,"Thu",6,"Feb",0.03,0.01,0.01,0.02,0.04,0.01,0.01,0.01,0.04,0.02,0.01,0.01,0.02,0.04,0.1,0.06,0.01,0.05,0.01,0.01,0.01,0.03,0.03,0.01,0.01,0.01,0.05,0.04,0.05,0.01,0.01,0.01,0.03,0.03,0.01,0.01,0.01,0.05,0.02,0.01,0.01,0.42,0.86,0.83,1.02,0.05,0.03,0.01
"95",2023-02-10,"Fri",6,"Feb",0.01,0.02,0.05,0.01,0.01,0.01,0.03,0.03,0.01,0.01,0.01,0.04,0.03,0.01,0.12,0.06,0.01,0.01,0.01,0.03,0.03,0.01,0.01,0.01,0.03,0.03,0.01,0.01,0.01,0.04,0.02,0.01,0.01,0.02,0.04,0.01,0.01,0.01,0.13,0.16,0.01,0.12,0.05,0.01,0.01,0.01,0.05,0.02
"96",2023-02-11,"Sat",6,"Feb",0.02,0.01,0.05,0.01,0.01,0.01,0.04,0.02,0.01,0.01,0.04,0.03,0.01,0.01,0.03,0.03,0.01,0.01,0.02,0.05,0.02,0.01,0.01,0.99,0.06,0.17,0.72,0.87,0.11,0.45,0.42,0.46,0.24,0.05,0.04,0.01,0.01,0.05,0.02,0.01,0.01,0.05,0.03,0.02,0.15,0.03,0.01,0.02
"97",2023-02-12,"Sun",7,"Feb",0.03,0.05,0.01,0.01,0.01,0.02,0.05,0.01,0.01,0.01,0.03,0.04,0.01,0.01,0.01,0.03,0.04,0.01,0.02,0.24,0.95,0.06,0.03,0.01,0.03,0.03,0.09,0.01,0.02,0.05,0.01,0.01,0.01,0.04,0.03,0.01,0.01,0.01,0.05,0.02,0.01,0.01,0.03,0.04,0.01,0.01,0.01,0.49
"98",2023-02-13,"Mon",7,"Feb",1.03,0.03,0.03,0.03,0.02,0.03,0.02,0.02,0.04,0.01,0.02,0.03,0.01,0.01,0.05,0.01,0.17,0.06,0.01,0.01,0.02,0.04,0.01,0.01,0.02,0.04,0.01,0.01,0.01,0.05,0.01,0.01,0.01,0.04,0.02,0.01,0.01,0.03,0.03,0.01,0.01,0.01,0.12,0.1,0.02,0.06,0.08,0.03
"99",2023-02-14,"Tue",7,"Feb",0.02,0.03,0.04,0.01,0.01,0.02,0.04,0.01,0.01,0.01,0.05,0.01,0.01,0.01,0.04,0.02,0.01,0.01,0.18,0.95,0.03,0.02,0.05,0.01,0.01,0.01,0.04,0.02,0.01,0.01,0.03,0.03,0.01,0.01,0.02,0.04,0.01,0.01,0.01,0.05,0.05,0.05,0.01,0.01,0.01,0.04,0.03,0.01
"100",2023-02-15,"Wed",7,"Feb",0.01,0.01,0.05,0.01,0.01,0.01,0.03,0.04,0.01,0.01,0.01,0.05,0.02,0.01,0.01,0.03,0.04,0.01,0.01,0.01,0.04,0.02,0.01,0.01,0.02,0.04,0.01,0.01,0.01,0.04,0.02,0.01,0.01,0.02,0.04,0.01,0.02,0.03,0.14,0.15,0.06,0.05,0.07,0.03,0.03,0.05,0.03,0.02
"101",2023-02-16,"Thu",7,"Feb",0.01,0.05,0.02,0.01,0.01,0.04,0.02,0.01,0.01,0.04,0.03,0.01,0.01,0.13,0.06,0.01,0.01,0.03,0.03,0.01,0.01,0.03,0.03,0.01,0.01,0.03,0.03,0.01,0.01,0.02,0.04,0.01,0.01,0.02,0.04,0.01,0.01,0.01,0.05,0.01,0.01,0.01,0.05,0.02,0.01,0.34,0.45,0.03
"102",2023-02-17,"Fri",7,"Feb",0.02,0.03,0.03,0.01,0.01,0.03,0.03,0.01,0.01,0.03,0.04,0.01,0.01,0.02,0.19,0.03,0.03,0.02,0.01,0.01,0.05,0.02,0.01,0.01,0.05,0.01,0.01,0.01,0.05,0.01,0.01,0.01,0.05,0.01,0.01,0.01,0.05,0.01,0.01,0.42,0.63,0.09,0.02,0.05,0.03,0.01,0.02,0.04
"103",2023-02-18,"Sat",7,"Feb",0.01,0.01,0.03,0.03,0.01,0.01,0.04,0.02,0.01,0.01,0.05,0.01,0.01,0.02,0.04,0.01,0.01,0.02,0.04,0.01,0.02,0.04,0.22,0.94,0.79,1.04,0.01,0.01,0.04,0.02,0.01,0.02,0.04,0.01,0.01,0.04,0.02,0.01,0.01,0.05,0.01,0.01,0.02,0.04,0.01,0.01,0.03,0.03
"104",2023-02-19,"Sun",8,"Feb",0.02,0.02,0.04,0.02,0.01,0.01,0.05,0.01,0.01,0.01,0.05,0.01,0.01,0.02,0.05,0.01,0.01,0.02,0.05,0.01,0.02,0.04,0.35,0.01,0.01,0.03,0.05,0.03,0.01,0.04,0.02,0.01,0.03,0.51,0.06,0.03,0.1,0.93,0.02,0.07,0.02,0.02,0.04,0.01,0.03,0.03,0.01,0.02
"105",2023-02-20,"Mon",8,"Feb",0.04,0.01,0.01,0.05,0.04,0.02,0.05,0.02,0.01,0.01,0.05,0.02,0.01,0.01,0.05,0.01,0.01,0.02,0.05,0.02,0.03,0.03,0.03,0.87,0.02,0.01,0.05,0.04,0.01,0.01,0.01,0.04,0.03,0.01,0.01,0.01,0.05,0.03,0.01,0.01,0.01,0.05,0.02,0.01,0.01,0.02,0.05,0.01
"106",2023-02-21,"Tue",8,"Feb",0.01,0.01,0.04,0.03,0.01,0.01,0.01,0.05,0.02,0.01,0.01,0.03,0.04,0.01,0.01,0.01,0.05,0.02,0.01,0.01,0.03,0.03,0.01,0.01,0.02,0.05,0.01,0.01,0.02,0.05,0.01,0.01,0.01,0.05,0.01,0.01,0.01,0.05,0.01,0.01,0.02,0.05,0.01,0.01,0.02,0.04,0.01,0.01
"107",2023-02-22,"Wed",8,"Feb",0.03,0.03,0.01,0.01,0.04,0.02,0.01,0.01,0.05,0.01,0.01,0.02,0.04,0.01,0.01,0.03,0.03,0.01,0.01,0.04,0.02,0.01,0.01,0.05,0.01,0.01,0.02,0.04,0.01,0.01,0.03,0.03,0.01,0.01,0.05,0.02,0.01,0.04,0.03,0.81,0.33,0.96,0.24,0.08,0.03,0.06,0.02,0.04
"108",2023-02-23,"Thu",8,"Feb",0.01,0.04,0.01,0.04,0.01,0.04,0.02,0.01,0.04,0.01,0.02,0.03,0.01,0.02,0.2,0.04,0.04,0.01,0.01,0.03,0.03,0.01,0.01,0.05,0.01,0.01,0.03,0.03,0.01,0.01,0.04,0.02,0.01,0.02,0.05,0.01,0.01,0.03,0.03,0.01,0.01,0.04,0.03,0.01,0.01,0.04,0.02,0.01
"109",2023-02-24,"Fri",8,"Feb",0.01,0.05,0.01,0.01,0.01,0.05,0.01,0.01,0.02,0.05,0.01,0.01,0.02,0.04,0.01,0.01,0.02,0.04,0.01,0.01,0.02,0.04,0.01,0.01,0.03,0.04,0.01,0.01,0.03,0.04,0.03,0.08,0.05,0.03,0.01,0.01,0.04,0.03,0.01,0.01,0.07,0.39,0.01,0.02,0.05,0.01,0.01,0.03
"110",2023-02-25,"Sat",8,"Feb",0.03,0.01,0.01,0.04,0.06,0.01,0.02,0.05,0.03,0.01,0.01,0.04,0.03,0.01,0.01,0.03,0.03,0.01,0.02,0.18,0.04,0.03,0.13,0.03,0.03,0.01,0.01,0.03,0.03,0.01,0.01,0.03,0.04,0.01,0.01,0.01,0.05,0.01,0.02,0.1,0.13,0.02,0.01,0.02,0.06,0.02,0.01,0.01
"111",2023-02-26,"Sun",9,"Feb",0.05,0.01,0.01,0.01,0.05,0.01,0.01,0.01,0.05,0.01,0.01,0.01,0.04,0.02,0.01,0.01,0.03,0.03,0.01,0.01,0.03,0.05,0.19,0.04,0.03,0.04,0.01,0.96,1.04,0.14,0.05,0.03,0.18,0.39,0.51,0.2,0.06,0.03,0.04,0.03,0.19,0.05,0.06,0.01,0.01,0.01,0.05,0.02
"112",2023-02-27,"Mon",9,"Feb",0.01,0.01,0.04,0.04,0.01,0.01,0.01,0.05,0.02,0.01,0.01,0.02,0.05,0.02,0.17,0.05,0.04,0.01,0.01,0.01,0.04,0.02,0.01,0.01,0.01,0.05,0.01,0.01,0.01,0.03,0.04,0.01,0.01,0.01,0.04,0.02,0.01,0.01,0.01,0.06,0.05,0.17,0.02,0.08,0.03,0.02,0.02,0.04
"113",2023-02-28,"Tue",9,"Feb",0.01,0.01,0.01,0.05,0.01,0.01,0.01,0.04,0.02,0.01,0.01,0.03,0.04,0.01,0.18,0.05,0.02,0.01,0.01,0.03,0.03,0.01,0.01,0.02,0.04,0.01,0.01,0.01,0.04,0.02,0.01,0.01,0.02,0.05,0.01,0.01,0.02,0.03,0.29,0.46,0.31,0.13,0.03,0.16,0.03,0.05,0.01,0.01
"114",2023-03-01,"Wed",9,"Mar",0.02,0.04,0.01,0.01,0.02,0.04,0.01,0.01,0.01,0.05,0.02,0.01,0.01,0.03,0.03,0.01,0.01,0.03,0.07,0.01,0.01,0.01,0.04,0.02,0.16,0.02,0.05,0.01,0.01,0.01,0.05,0.02,0.01,0.01,0.03,0.03,0.01,0.01,0.01,0.05,0.01,0.01,0.01,0.03,0.03,0.01,0.01,0.05
"115",2023-03-02,"Thu",9,"Mar",0.06,0.02,0.02,0.01,0.03,0.03,0.01,0.01,0.01,0.05,0.01,0.01,0.01,0.03,0.03,0.01,0.01,0.01,0.18,0.03,0.01,0.01,0.06,0.02,0.03,0.05,0.02,0.01,0.01,0.04,0.03,0.01,0.01,0.02,0.05,0.01,0.01,0.01,0.04,0.02,0.03,0.22,0.14,1.06,0.04,0.04,0.02,0.01
"116",2023-03-03,"Fri",9,"Mar",0.01,0.05,0.01,0.01,0.01,0.05,0.01,0.01,0.02,0.04,0.01,0.01,0.02,0.04,0.01,0.01,0.01,0.09,0.32,0.04,0.26,0.02,0.01,0.01,0.04,0.02,0.01,0.01,0.04,0.02,0.01,0.01,0.04,0.03,0.01,0.01,0.03,0.03,0.01,0.01,0.02,0.04,0.01,0.01,0.01,0.05,0.01,0.01
"117",2023-03-04,"Sat",9,"Mar",0.01,0.04,0.02,0.01,0.01,0.03,0.03,0.03,0.02,0.03,0.04,0.01,0.01,0.01,0.05,0.01,0.01,0.01,0.04,0.02,0.01,0.01,0.03,0.04,0.01,0.05,0.36,0.04,0.01,0.01,0.05,0.11,0.61,1.05,0.06,0.01,0.01,0.03,0.04,0.01,0.06,0.02,0.01,0.03,0.02,0.01,0.01,0.05
"118",2023-03-05,"Sun",10,"Mar",0.01,0.01,0.01,0.05,0.01,0.01,0.01,0.05,0.02,0.01,0.01,0.04,0.03,0.01,0.01,0.02,0.04,0.01,0.01,0.01,0.06,0.02,0.02,0.29,0.04,0.13,0.01,0.05,0.02,0.02,0.15,0.5,0.47,0.05,0.01,0.01,0.66,0.17,0.02,0.04,0.01,0.1,0.06,0.03,0.02,0.04,0.02,0.01
"119",2023-03-06,"Mon",10,"Mar",0.01,0.04,0.01,0.01,0.02,0.04,0.01,0.01,0.02,0.04,0.01,0.01,0.02,0.05,0.17,0.03,0.04,0.02,0.01,0.01,0.03,0.03,0.01,0.01,0.02,0.04,0.01,0.01,0.01,0.05,0.01,0.01,0.01,0.04,0.03,0.01,0.01,0.02,0.04,0.01,0.01,0.01,0.04,0.02,0.01,0.01,0.03,0.04
"120",2023-03-07,"Tue",10,"Mar",0.01,0.01,0.01,0.05,0.02,0.01,0.01,0.02,0.04,0.01,0.01,0.01,0.04,0.02,0.01,0.01,0.01,0.05,0.01,0.01,0.01,0.02,0.04,0.01,0.01,0.01,0.04,0.02,0.01,0.01,0.02,0.04,0.01,0.01,0.01,0.04,0.02,0.01,0.03,0.89,0.73,0.17,0.22,0.05,0.05,0.08,0.02,0.05
"121",2023-03-08,"Wed",10,"Mar",0.03,0.01,0.03,0.03,0.01,0.01,0.05,0.01,0.01,0.02,0.05,0.01,0.01,0.02,0.19,0.03,0.01,0.01,0.05,0.01,0.01,0.01,0.03,0.03,0.01,0.01,0.01,0.05,0.01,0.01,0.01,0.02,0.04,0.01,0.01,0.01,0.03,0.03,0.01,0.01,0.01,0.04,0.02,0.01,0.01,0.01,0.05,0.36
"122",2023-03-09,"Thu",10,"Mar",0.03,0.02,0.03,0.04,0.01,0.01,0.01,0.03,0.03,0.01,0.01,0.01,0.04,0.03,0.17,0.03,0.03,0.04,0.01,0.01,0.01,0.04,0.03,0.01,0.01,0.01,0.04,0.02,0.01,0.01,0.01,0.05,0.01,0.01,0.01,0.01,0.05,0.01,0.01,0.01,0.01,0.05,0.01,0.01,0.48,0.04,0.05,0.01
"123",2023-03-10,"Fri",10,"Mar",0.01,0.01,0.05,0.01,0.01,0.01,0.02,0.04,0.01,0.01,0.01,0.03,0.03,0.01,0.01,0.01,0.05,0.13,0.16,0.31,0.02,0.04,0.01,0.01,0.01,0.02,0.04,0.01,0.01,0.01,0.03,0.03,0.01,0.01,0.01,0.04,0.02,0.01,0.01,0.01,0.05,0.01,0.01,0.01,0.02,0.07,0.01,0.01
"124",2023-03-11,"Sat",10,"Mar",0.01,0.01,0.05,0.01,0.01,0.01,0.02,0.05,0.01,0.01,0.01,0.02,0.04,0.01,0.01,0.01,0.02,0.04,0.01,0.03,0.01,0.03,1.06,0.35,1.24,0.25,0.15,0.06,0.03,0.01,0.01,0.05,0.02,0.02,0.11,0.15,0.48,0.12,0.13,0.13,0.16,0.24,0.13,0.11,0.06,0.02,0.01,0.01
"125",2023-03-12,"Sun",11,"Mar",0.03,0.04,0.01,0.01,0.01,0.04,0.02,0.01,0.01,0.01,0.05,0.01,0.01,0.01,0.03,0.04,0.01,0.02,0.02,0.19,0.89,0.05,0.03,0.04,0.02,0.01,0.07,0.03,0.03,0.01,0.01,0.02,1.12,0.53,0.28,0.19,0.04,0.02,0.03,0.04,0.02,0.04,0.02,0.03,0.03,0.05,0.04,0.02
"126",2023-03-13,"Mon",11,"Mar",0.01,0.02,0.03,0.01,0.01,0.03,0.03,0.01,0.01,0.03,0.04,0.01,0.01,0.01,0.05,0.02,0.17,0.03,0.04,0.01,0.01,0.01,0.04,0.03,0.01,0.01,0.01,0.05,0.02,0.01,0.01,0.02,0.04,0.01,0.01,0.01,0.03,0.06,0.03,0.01,0.02,0.1,0.12,0.13,0.11,0.02,0.04,0.03
"127",2023-03-14,"Tue",11,"Mar",0.01,0.01,0.01,0.04,0.02,0.01,0.01,0.01,0.05,0.02,0.01,0.01,0.01,0.05,0.16,0.03,0.01,0.04,0.03,0.01,0.01,0.01,0.04,0.02,0.01,0.01,0.01,0.05,0.02,0.01,0.01,0.02,0.05,0.01,0.01,0.01,0.03,0.04,0.01,0.01,0.01,0.04,0.03,0.01,0.01,0.01,0.04,0.02
"128",2023-03-15,"Wed",11,"Mar",0.01,0.01,0.01,0.05,0.02,0.01,0.01,0.01,0.05,0.01,0.01,0.01,0.02,0.05,0.01,0.01,0.01,0.02,0.05,0.01,0.01,0.01,0.02,0.05,0.01,0.01,0.01,0.03,0.04,0.01,0.01,0.01,0.03,0.04,0.01,0.01,0.01,0.03,0.04,0.01,0.01,0.01,0.04,0.03,0.01,0.01,0.01,0.07
"129",2023-03-16,"Thu",11,"Mar",0.03,0.02,0.03,0.04,0.01,0.01,0.01,0.03,0.03,0.01,0.01,0.01,0.04,0.03,0.17,0.03,0.03,0.04,0.01,0.01,0.01,0.04,0.03,0.01,0.01,0.01,0.04,0.02,0.01,0.01,0.01,0.05,0.01,0.01,0.01,0.01,0.05,0.01,0.01,0.01,0.01,0.05,0.01,0.01,0.48,0.04,0.05,0.01
"130",2023-03-17,"Fri",11,"Mar",0.05,0.01,0.01,0.01,0.05,0.01,0.01,0.01,0.05,0.02,0.01,0.01,0.04,0.02,0.01,0.01,0.18,0.04,0.01,0.01,0.02,0.04,0.01,0.01,0.02,0.05,0.01,0.01,0.01,0.05,0.01,0.01,0.01,0.05,0.02,0.01,0.01,0.04,0.02,0.02,0.14,0.09,0.03,0.02,0.01,0.03,0.05,0.01
"131",2023-03-18,"Sat",11,"Mar",0.01,0.01,0.04,0.04,0.01,0.01,0.01,0.05,0.03,0.01,0.01,0.01,0.05,0.02,0.01,0.01,0.02,0.05,0.02,0.04,0.09,1.02,0.31,1.21,0.36,0.03,0.11,0.01,0.01,0.03,0.14,0.14,0.22,0.16,0.04,0.01,0.04,0.03,0.01,0.01,0.05,0.01,0.01,0.01,0.05,0.01,0.01,0.02
"132",2023-03-19,"Sun",12,"Mar",0.11,0.02,0.02,0.02,0.05,0.01,0.01,0.02,0.04,0.01,0.01,0.02,0.04,0.01,0.01,0.02,0.04,0.01,0.01,0.01,0.05,1.07,0.1,0.05,0.04,0.03,0.12,0.02,0.01,0.01,0.04,0.02,0.08,0.04,0.75,1.12,0.61,0.13,0.13,0.04,0.02,0.03,0.05,0.02,0.04,0.01,0.04,0.01
"133",2023-03-20,"Mon",12,"Mar",0.02,0.03,0.01,0.03,0.03,0.01,0.02,0.04,0.01,0.01,0.03,0.03,0.01,0.01,0.22,0.05,0.01,0.01,0.04,0.02,0.01,0.01,0.04,0.02,0.01,0.01,0.04,0.03,0.01,0.01,0.03,0.03,0.01,0.01,0.02,0.05,0.01,0.01,0.01,0.04,0.02,0.01,0.02,0.22,0.04,0.03,0.02,0.03
"134",2023-03-21,"Tue",12,"Mar",0.03,0.01,0.01,0.02,0.04,0.01,0.01,0.01,0.05,0.02,0.01,0.01,0.03,0.03,0.01,0.01,0.02,0.45,0.07,0.01,0.03,0.03,0.01,0.01,0.04,0.03,0.01,0.01,0.04,0.02,0.01,0.01,0.04,0.03,0.01,0.01,0.03,0.03,0.01,0.01,0.03,0.03,0.01,0.01,0.02,0.07,0.05,0.04
"135",2023-03-22,"Wed",12,"Mar",0.04,0.06,0.01,0.01,0.01,0.05,0.01,0.01,0.01,0.05,0.01,0.01,0.01,0.04,0.2,0.02,0.04,0.02,0.01,0.01,0.05,0.02,0.01,0.01,0.05,0.01,0.01,0.01,0.05,0.01,0.01,0.01,0.05,0.01,0.01,0.01,0.05,0.01,0.01,0.01,0.05,0.01,0.01,0.01,0.05,0.01,0.08,0.1
"136",2023-03-23,"Thu",12,"Mar",0.06,0.01,0.01,0.02,0.04,0.01,0.01,0.02,0.04,0.01,0.01,0.02,0.04,0.01,0.01,0.02,0.04,0.19,0.03,0.05,0.01,0.01,0.02,0.04,0.01,0.01,0.03,0.03,0.01,0.01,0.04,0.02,0.01,0.01,0.04,0.01,0.01,0.02,0.04,0.01,0.01,0.03,0.03,0.01,0.01,0.2,0.04,0.02
"137",2023-03-24,"Fri",12,"Mar",0.02,0.04,0.01,0.01,0.04,0.02,0.01,0.01,0.05,0.01,0.01,0.02,0.04,0.01,0.01,0.03,0.11,0.1,0.01,0.05,0.01,0.01,0.03,0.03,0.01,0.01,0.05,0.02,0.01,0.02,0.04,0.01,0.01,0.04,0.02,0.01,0.01,0.06,0.03,0.02,0.05,0.02,0.01,0.01,0.05,0.02,0.09,0.03
"138",2023-03-25,"Sat",12,"Mar",0.06,0.01,0.01,0.02,0.04,0.01,0.01,0.03,0.03,0.01,0.01,0.04,0.02,0.01,0.01,0.05,0.01,0.01,0.02,0.14,0.37,0.69,0.06,0.79,0.93,0.03,0.03,0.01,0.01,0.05,0.01,0.01,0.03,0.72,0.45,0.04,0.03,0.02,0.03,0.04,0.01,0.01,0.05,0.03,0.02,0.04,0.03,0.01
"139",2023-03-26,"Sun",13,"Mar",0.02,0.05,0.01,0.01,NA,NA,0.04,0.03,0.01,0.01,0.05,0.01,0.01,0.03,0.03,0.01,0.01,0.05,0.01,0.01,0.03,0.05,0.01,0.01,0.04,0.02,0.01,0.04,0.05,0.05,0.28,0.44,0.47,0.32,0.05,0.6,0.43,0.13,0.06,0.06,0.03,0.03,0.02,0.06,0.06,0.02,0.01,0.01
"140",2023-03-27,"Mon",13,"Mar",0.04,0.05,0.01,0.01,0.01,0.05,0.04,0.01,0.01,0.02,0.05,0.01,0.01,0.01,0.2,0.04,0.01,0.01,0.05,0.02,0.01,0.01,0.05,0.02,0.01,0.01,0.05,0.01,0.01,0.02,0.05,0.01,0.01,0.03,0.04,0.01,0.01,0.04,0.03,0.01,0.01,0.04,0.02,0.01,0.01,0.05,0.01,0.01
"141",2023-03-28,"Tue",13,"Mar",0.02,0.04,0.01,0.01,0.03,0.04,0.01,0.01,0.04,0.03,0.01,0.01,0.04,0.03,0.01,0.01,0.04,0.02,0.01,0.01,0.05,0.02,0.01,0.01,0.05,0.01,0.01,0.01,0.05,0.01,0.01,0.02,0.05,0.01,0.01,0.03,0.04,0.01,0.01,0.03,0.03,0.01,0.01,0.04,0.03,0.01,0.01,0.04
"142",2023-03-29,"Wed",13,"Mar",0.02,0.01,0.01,0.05,0.02,0.01,0.02,0.05,0.01,0.01,0.02,0.05,0.01,0.01,0.03,0.04,0.01,0.01,0.03,0.04,0.01,0.01,0.04,0.03,0.01,0.01,0.05,0.04,0.03,0.05,0.03,0.01,0.01,0.05,0.03,0.01,0.01,0.09,0.05,0.15,0.04,0.03,0.01,0.02,0.04,0.01,0.04,0.04
"143",2023-03-30,"Thu",13,"Mar",0.01,0.01,0.04,0.02,0.01,0.02,0.04,0.01,0.01,0.04,0.03,0.01,0.01,0.05,0.02,0.01,0.02,0.22,0.01,0.01,0.04,0.02,0.01,0.01,0.05,0.01,0.01,0.03,0.03,0.01,0.01,0.05,0.02,0.01,0.02,0.04,0.01,0.01,0.04,0.02,0.01,0.04,0.21,0.23,0.06,0.04,0.01,0.02
"144",2023-03-31,"Fri",13,"Mar",0.04,0.01,0.01,0.05,0.01,0.01,0.03,0.03,0.01,0.01,0.05,0.01,0.01,0.04,0.03,0.01,0.22,0.04,0.01,0.01,0.05,0.01,0.01,0.02,0.04,0.01,0.01,0.03,0.04,0.01,0.01,0.03,0.04,0.01,0.01,0.03,0.04,0.01,0.01,0.03,0.03,0.01,0.01,0.03,0.04,0.01,0.01,0.03
"145",2023-04-01,"Sat",13,"Apr",0.03,0.01,0.03,0.06,0.01,0.01,0.03,0.04,0.01,0.01,0.03,0.04,0.01,0.01,0.03,0.03,0.01,0.01,0.03,0.03,0.01,0.01,0.03,0.03,0.01,0.46,0.4,1.22,0.62,0.05,0.03,0.06,0.08,0.07,0.37,0.16,0.05,0.03,0.02,0.04,0.03,0.02,0.05,0.01,0.06,0.05,0.01,0.01
"146",2023-04-02,"Sun",14,"Apr",0.03,0.03,0.01,0.01,0.05,0.01,0.01,0.03,0.04,0.01,0.01,0.04,0.02,0.01,0.01,0.05,0.01,0.01,0.03,0.05,0.02,0.16,0.07,0.12,0.03,0.04,0.02,0.01,0.02,0.03,0.01,0.01,0.05,0.01,0.01,0.03,0.03,0.01,0.01,0.05,0.02,0.01,0.02,0.04,0.01,0.01,0.04,0.02
"147",2023-04-03,"Mon",14,"Apr",0.01,0.01,0.05,0.01,0.01,0.02,0.04,0.01,0.01,0.04,0.03,0.01,0.01,0.05,0.02,0.02,0.02,0.05,0.02,0.02,0.03,0.07,0.03,0.02,0.05,0.04,0.02,0.02,0.03,0.05,0.02,0.02,0.03,0.04,0.02,0.02,0.04,0.04,0.02,0.02,0.04,0.03,0.02,0.02,0.05,0.02,0.02,0.02
"148",2023-04-04,"Tue",14,"Apr",0.05,0.02,0.02,0.03,0.05,0.02,0.02,0.03,0.04,0.02,0.02,0.04,0.04,0.02,0.02,0.04,0.03,0.02,0.02,0.05,0.02,0.02,0.02,0.05,0.02,0.02,0.02,0.05,0.02,0.02,0.03,0.05,0.02,0.02,0.03,0.04,0.02,0.02,0.04,0.03,0.02,0.01,0.25,0.15,0.03,0.03,0.04,0.01
"149",2023-04-05,"Wed",14,"Apr",0.02,0.01,0.01,0.05,0.02,0.01,0.02,0.05,0.01,0.01,0.02,0.05,0.01,0.01,0.03,0.04,0.01,0.01,0.03,0.04,0.01,0.01,0.04,0.03,0.01,0.01,0.05,0.04,0.03,0.05,0.03,0.01,0.01,0.05,0.03,0.01,0.01,0.09,0.05,0.15,0.04,0.03,0.01,0.02,0.04,0.01,0.04,0.04
"150",2023-04-06,"Thu",14,"Apr",0.03,0.04,0.03,0.01,0.01,0.05,0.02,0.01,0.02,0.05,0.01,0.01,0.03,0.04,0.01,0.01,0.06,0.56,0.27,0.34,0.02,0.01,0.02,0.04,0.01,0.01,0.04,0.03,0.01,0.01,0.05,0.01,0.01,0.02,0.04,0.01,0.01,0.04,0.03,0.01,0.01,0.05,0.01,0.01,0.02,0.04,0.01,0.04
"151",2023-04-07,"Fri",14,"Apr",0.07,0.02,0.01,0.03,0.03,0.01,0.01,0.04,0.02,0.01,0.01,0.05,0.01,0.01,0.02,0.04,0.01,0.01,0.03,0.21,0.58,0.02,0.06,0.01,0.01,0.09,0.08,0.01,0.01,0.03,0.03,0.01,0.01,0.04,0.02,0.01,0.01,0.05,0.02,0.01,0.02,0.05,0.01,0.01,0.03,0.04,0.01,0.01
"152",2023-04-08,"Sat",14,"Apr",0.03,0.03,0.01,0.01,0.04,0.02,0.01,0.01,0.05,0.01,0.01,0.01,0.05,0.01,0.01,0.02,0.04,0.01,0.01,0.03,0.04,0.01,0.01,0.04,0.04,0.03,0.05,0.03,0.01,0.01,0.04,0.03,0.01,0.01,0.04,0.03,0.01,0.01,0.04,0.02,0.01,0.01,0.05,0.02,0.01,0.01,0.05,0.02
"153",2023-04-09,"Sun",15,"Apr",0.01,0.01,0.05,0.01,0.01,0.01,0.05,0.01,0.01,0.01,0.05,0.01,0.01,0.02,0.05,0.01,0.01,0.02,0.05,0.01,0.01,0.02,0.05,0.01,0.01,0.02,0.04,0.01,0.01,0.02,0.04,0.01,0.01,0.08,0.09,0.07,0.86,1.38,0.47,0.07,0.04,0.04,0.01,0.03,0.05,0.01,0.01,0.05
"154",2023-04-10,"Mon",15,"Apr",0.01,0.01,0.03,0.03,0.01,0.01,0.05,0.01,0.01,0.03,0.03,0.01,0.01,0.04,0.02,0.01,0.01,0.2,0.05,0.02,0.02,0.04,0.01,0.01,0.03,0.03,0.01,0.01,0.05,0.01,0.01,0.02,0.04,0.01,0.01,0.03,0.03,0.01,0.01,0.04,0.02,0.01,0.01,0.05,0.02,0.01,0.02,0.05
"155",2023-04-11,"Tue",15,"Apr",0.01,0.01,0.02,0.05,0.01,0.01,0.02,0.05,0.01,0.01,0.02,0.05,0.01,0.01,0.02,0.05,0.01,0.01,0.01,0.05,0.02,0.01,0.01,0.05,0.02,0.01,0.01,0.05,0.02,0.01,0.01,0.04,0.03,0.01,0.01,0.04,0.03,0.01,0.01,0.03,0.04,0.01,0.01,0.02,0.04,0.01,0.01,0.01
"156",2023-04-12,"Wed",15,"Apr",0.05,0.01,0.01,0.01,0.04,0.02,0.01,0.01,0.03,0.04,0.01,0.01,0.01,0.05,0.02,0.01,0.01,0.03,0.03,0.01,0.01,0.02,0.05,0.01,0.01,0.01,0.04,0.03,0.01,0.01,0.02,0.05,0.01,0.01,0.01,0.04,0.03,0.01,0.01,0.02,0.05,0.01,0.01,0.06,0.08,0.04,0.02,0.01
"157",2023-04-13,"Thu",15,"Apr",0.04,0.02,0.01,0.01,0.04,0.02,0.01,0.01,0.03,0.03,0.01,0.01,0.02,0.04,0.18,0.01,0.03,0.03,0.01,0.01,0.02,0.05,0.01,0.01,0.01,0.04,0.02,0.01,0.01,0.03,0.04,0.01,0.01,0.01,0.05,0.01,0.01,0.01,0.04,0.02,0.01,0.01,0.03,0.05,0.01,0.04,0.05,0.03
"158",2023-04-14,"Fri",15,"Apr",0.02,0.02,0.03,0.04,0.01,0.01,0.01,0.04,0.02,0.01,0.01,0.02,0.05,0.01,0.02,0.02,0.19,0.03,0.01,0.01,0.02,0.04,0.01,0.01,0.01,0.04,0.02,0.01,0.01,0.02,0.04,0.01,0.01,0.01,0.05,0.02,0.01,0.01,0.03,0.03,0.01,0.01,0.02,0.05,0.01,0.01,0.01,0.04
"159",2023-04-15,"Sat",15,"Apr",0.02,0.01,0.01,0.05,0.03,0.01,0.01,0.02,0.05,0.01,0.01,0.01,0.04,0.03,0.01,0.01,0.02,0.05,0.01,0.01,0.17,0.71,0.08,0.03,0.08,0.04,0.04,0.01,0.01,0.03,0.05,0.01,0.31,0.19,0.01,0.01,0.05,0.01,0.01,0.01,0.01,0.05,0.03,0.01,0.01,0.01,0.01,0.05
"160",2023-04-16,"Sun",16,"Apr",0.03,0.01,0.01,0.03,0.01,0.05,0.03,0.01,0.01,0.01,0.02,0.05,0.02,0.01,0.01,0.01,0.03,0.04,0.01,0.02,0.02,0.03,0.19,0.96,0.03,0.01,0.21,0.02,0.01,0.01,0.16,0.49,0.62,1.01,0.12,0.11,0.25,0.02,0.49,0.34,0.49,0.41,0.15,0.03,0.03,0.03,0.01,0.04
"161",2023-04-17,"Mon",16,"Apr",0.01,0.01,0.05,0.01,0.01,0.04,0.02,0.01,0.02,0.04,0.01,0.01,0.03,0.03,0.2,0.06,0.03,0.01,0.01,0.04,0.02,0.01,0.01,0.05,0.01,0.01,0.01,0.05,0.01,0.01,0.02,0.05,0.01,0.01,0.02,0.05,0.01,0.01,0.02,0.05,0.01,0.01,0.01,0.05,0.1,0.06,0.06,0.05
"162",2023-04-18,"Tue",16,"Apr",0.03,0.02,0.05,0.02,0.01,0.01,0.05,0.02,0.01,0.01,0.05,0.02,0.01,0.01,0.05,0.02,0.02,0.02,0.09,0.02,0.01,0.01,0.04,0.17,0.02,0.04,0.03,0.01,0.01,0.04,0.03,0.01,0.01,0.04,0.03,0.01,0.01,0.04,0.03,0.01,0.01,0.04,0.03,0.01,0.01,0.12,0.04,0.06
"163",2023-04-19,"Wed",16,"Apr",0.05,0.03,0.02,0.04,0.04,0.01,0.01,0.02,0.05,0.01,0.01,0.02,0.05,0.01,0.2,0.06,0.04,0.01,0.01,0.02,0.05,0.01,0.01,0.02,0.05,0.01,0.01,0.01,0.05,0.02,0.01,0.01,0.05,0.02,0.01,0.01,0.04,0.03,0.01,0.01,0.04,0.03,0.01,0.01,0.03,0.04,0.01,0.03
"164",2023-04-20,"Thu",16,"Apr",0.05,0.03,0.01,0.01,0.03,0.03,0.01,0.01,0.03,0.04,0.01,0.01,0.02,0.05,0.01,0.07,0.42,0.21,0.03,0.01,0.05,0.02,0.01,0.01,0.05,0.02,0.01,0.01,0.04,0.02,0.01,0.01,0.04,0.02,0.01,0.01,0.04,0.02,0.01,0.01,0.05,0.08,0.02,0.21,0.03,0.01,0.01,0.05
"165",2023-04-21,"Fri",16,"Apr",0.02,0.01,0.01,0.05,0.01,0.01,0.02,0.05,0.01,0.01,0.02,0.04,0.01,0.01,0.02,0.04,0.13,0.07,0.05,0.01,0.01,0.02,0.05,0.01,0.01,0.02,0.04,0.01,0.01,0.03,0.04,0.01,0.01,0.03,0.03,0.01,0.01,0.04,0.03,0.01,0.1,0.14,0.02,0.02,0.04,0.03,0.01,0.01
"166",2023-04-22,"Sat",16,"Apr",0.05,0.02,0.01,0.01,0.05,0.01,0.01,0.02,0.04,0.01,0.01,0.03,0.04,0.01,0.01,0.03,0.04,0.02,0.14,0.04,0.01,0.01,0.14,0.04,0.01,0.01,0.03,0.03,0.01,0.01,0.03,0.03,0.01,0.01,0.04,0.03,0.01,0.01,0.04,0.02,0.01,0.01,0.04,0.02,0.01,0.01,0.05,0.02
"167",2023-04-23,"Sun",17,"Apr",0.02,0.07,0.03,0.02,0.01,0.05,0.02,0.01,0.01,0.05,0.02,0.01,0.01,0.04,0.02,0.01,0.01,0.04,0.02,0.01,0.58,0.37,0.02,0.01,0.03,0.14,0.94,0.04,0.03,0.03,0.01,0.01,0.05,0.01,0.01,0.05,0.08,0.08,0.09,0.1,0.03,0.03,0.06,0.03,0.01,0.01,0.05,0.02
"168",2023-04-24,"Mon",17,"Apr",0.01,0.02,0.05,0.01,0.01,0.02,0.05,0.01,0.01,0.02,0.04,0.01,0.01,0.02,0.24,0.03,0.01,0.02,0.04,0.01,0.01,0.03,0.04,0.01,0.01,0.03,0.04,0.01,0.01,0.03,0.03,0.01,0.01,0.03,0.04,0.01,0.01,0.03,0.04,0.01,0.01,0.03,0.04,0.01,0.01,0.02,0.04,0.01
"169",2023-04-25,"Tue",17,"Apr",0.01,0.02,0.04,0.01,0.01,0.01,0.05,0.01,0.01,0.01,0.05,0.02,0.01,0.01,0.04,0.03,0.01,0.01,0.03,0.04,0.01,0.01,0.02,0.05,0.01,0.01,0.01,0.05,0.02,0.01,0.01,0.04,0.02,0.01,0.01,0.04,0.03,0.01,0.01,0.03,0.04,0.01,0.06,0.82,1.01,0.56,0.05,0.01
"170",2023-04-26,"Wed",17,"Apr",0.02,0.03,0.01,0.03,0.03,0.01,0.01,0.04,0.01,0.01,0.04,0.02,0.01,0.01,0.24,0.04,0.01,0.02,0.04,0.01,0.01,0.03,0.03,0.01,0.01,0.03,0.03,0.01,0.01,0.04,0.03,0.01,0.01,0.04,0.03,0.01,0.01,0.04,0.03,0.01,0.01,0.04,0.03,0.01,0.01,0.04,0.03,0.01
"171",2023-04-27,"Thu",17,"Apr",0.01,0.03,0.03,0.01,0.01,0.03,0.03,0.01,0.01,0.03,0.04,0.01,0.01,0.02,0.05,0.01,0.01,0.01,0.05,0.01,0.01,0.01,0.04,0.02,0.01,0.01,0.04,0.03,0.01,0.01,0.03,0.03,0.01,0.01,0.02,0.04,0.01,0.01,0.02,0.05,0.01,0.07,0.05,0.05,0.01,0.01,0.02,0.05
"172",2023-04-28,"Fri",17,"Apr",0.01,0.01,0.01,0.05,0.02,0.01,0.01,0.04,0.03,0.01,0.01,0.04,0.03,0.01,0.01,0.03,0.21,0.02,0.01,0.02,0.05,0.01,0.01,0.02,0.05,0.01,0.01,0.02,0.05,0.01,0.01,0.02,0.05,0.01,0.01,0.01,0.05,0.01,0.01,0.01,0.32,0.73,0.13,0.12,0.07,0.02,0.04,0.05
"173",2023-04-29,"Sat",17,"Apr",0.01,0.01,0.01,0.05,0.02,0.01,0.01,0.05,0.02,0.01,0.01,0.04,0.03,0.01,0.01,0.04,0.03,0.01,0.02,0.03,0.1,0.59,1.17,0.38,0.15,0.01,0.01,0.03,0.04,0.01,0.06,0.04,0.03,0.01,0.01,0.04,0.03,0.01,0.02,0.04,0.02,0.01,0.01,0.05,0.02,0.01,0.03,0.05
"174",2023-04-30,"Sun",18,"Apr",0.02,0.01,0.01,0.05,0.02,0.01,0.01,0.05,0.02,0.01,0.01,0.05,0.02,0.01,0.01,0.05,0.02,0.01,0.01,0.05,0.02,0.01,0.01,0.05,0.03,0.36,0.09,0.05,0.02,0.02,0.06,0.03,0.02,0.03,0.06,0.02,0.1,0.05,0.01,0.01,0.03,0.03,0.01,0.03,0.04,0.04,0.01,0.01
"175",2023-05-01,"Mon",18,"May",0.01,0.05,0.02,0.01,0.01,0.03,0.04,0.01,0.01,0.01,0.05,0.02,0.01,0.01,0.03,0.04,0.01,0.01,0.02,0.05,0.41,0.03,0.02,0.01,0.05,0.02,0.62,0.28,0.98,1.18,0.08,0.04,0.04,0.02,0.16,0.85,0.03,0.07,0.05,0.18,0.02,0.02,0.05,0.02,0.01,0.04,0.01,0.01
"176",2023-05-02,"Tue",18,"May",0.03,0.03,0.01,0.01,0.05,0.01,0.01,0.03,0.04,0.01,0.01,0.04,0.03,0.01,0.01,0.04,0.17,0.03,0.04,0.01,0.01,0.04,0.02,0.01,0.01,0.05,0.01,0.01,0.02,0.04,0.01,0.01,0.03,0.03,0.01,0.01,0.04,0.03,0.01,0.01,0.05,0.02,0.01,0.01,0.05,0.01,0.02,0.02
"177",2023-05-03,"Wed",18,"May",0.05,0.01,0.01,0.03,0.04,0.01,0.01,0.03,0.03,0.01,0.01,0.03,0.03,0.01,0.15,0.05,0.01,0.01,0.04,0.03,0.01,0.01,0.05,0.01,0.01,0.03,0.04,0.01,0.01,0.05,0.02,0.06,0.05,0.01,0.01,0.03,0.04,0.01,0.01,0.04,0.03,0.01,0.01,0.04,0.04,0.02,0.01,0.05
"178",2023-05-04,"Thu",18,"May",0.02,0.01,0.01,0.05,0.01,0.01,0.02,0.05,0.01,0.01,0.02,0.04,0.01,0.01,0.22,0.05,0.01,0.01,0.04,0.03,0.01,0.01,0.05,0.02,0.01,0.02,0.05,0.01,0.01,0.03,0.04,0.01,0.01,0.04,0.03,0.01,0.01,0.05,0.02,0.01,0.02,0.05,0.37,0.02,0.07,0.06,0.01,0.02
"179",2023-05-05,"Fri",18,"May",0.04,0.05,0.01,0.01,0.02,0.05,0.01,0.01,0.02,0.05,0.01,0.01,0.02,0.05,0.19,0.02,0.05,0.01,0.01,0.03,0.04,0.01,0.01,0.04,0.03,0.01,0.01,0.05,0.02,0.01,0.02,0.05,0.01,0.01,0.03,0.03,0.01,0.01,0.05,0.02,0.01,0.02,0.05,0.01,0.01,0.03,0.03,0.01
"180",2023-05-06,"Sat",18,"May",0.01,0.05,0.02,0.01,0.02,0.05,0.01,0.01,0.04,0.04,0.02,0.01,0.05,0.01,0.01,0.03,0.04,0.01,0.01,0.04,0.03,0.01,0.01,0.05,0.04,0.14,0.1,0.14,0.01,0.02,0.04,0.01,0.01,0.04,0.04,0.02,0.03,0.05,0.02,0.02,0.05,0.03,0.02,0.02,0.05,0.05,0.03,0.06
"181",2023-05-07,"Sun",19,"May",0.02,0.01,0.03,0.03,0.01,0.01,0.05,0.01,0.01,0.03,0.03,0.01,0.01,0.05,0.01,0.01,0.03,0.04,0.01,0.01,0.05,0.02,0.02,0.02,0.33,0.78,1.09,0.43,0.04,0.01,0.02,0.06,0.5,1.13,1.01,0.28,0.05,0.03,0.03,0.03,0.13,0.02,0.02,0.06,0.04,0.06,0.03,0.01
"182",2023-05-08,"Mon",19,"May",0.04,0.02,0.01,0.04,0.03,0.01,0.03,0.04,0.01,0.01,0.05,0.01,0.01,0.03,0.23,0.02,0.01,0.03,0.03,0.01,0.01,0.05,0.02,0.01,0.03,0.04,0.01,0.01,0.04,0.03,0.01,0.01,0.05,0.02,0.01,0.03,0.04,0.01,0.49,0.07,0.03,0.04,0.05,0.16,0.02,0.01,0.05,0.02
"183",2023-05-09,"Tue",19,"May",0.01,0.02,0.05,0.01,0.01,0.04,0.03,0.01,0.01,0.05,0.02,0.01,0.02,0.04,0.19,0.04,0.03,0.01,0.01,0.05,0.01,0.01,0.03,0.04,0.01,0.01,0.05,0.02,0.01,0.02,0.05,0.01,0.01,0.04,0.03,0.01,0.01,0.05,0.28,0.01,0.05,0.04,0.02,0.02,0.04,0.01,0.01,0.05
"184",2023-05-10,"Wed",19,"May",0.02,0.01,0.03,0.04,0.01,0.01,0.05,0.02,0.01,0.03,0.04,0.01,0.01,0.04,0.2,0.02,0.05,0.01,0.01,0.05,0.02,0.01,0.04,0.03,0.01,0.03,0.04,0.01,0.01,0.05,0.01,0.01,0.04,0.02,0.01,0.03,0.04,0.01,0.01,0.05,0.01,0.01,0.04,0.07,0.04,0.06,0.02,0.01
"185",2023-05-11,"Thu",19,"May",0.04,0.03,0.01,0.02,0.04,0.01,0.01,0.05,0.02,0.01,0.03,0.04,0.01,0.01,0.05,0.02,0.23,0.06,0.02,0.01,0.03,0.03,0.01,0.02,0.05,0.01,0.01,0.04,0.03,0.01,0.02,0.05,0.01,0.01,0.04,0.03,0.01,0.01,0.05,0.01,0.01,0.5,0.07,0.04,0.02,0.05,0.01,0.01
"186",2023-05-12,"Fri",19,"May",0.04,0.02,0.01,0.03,0.04,0.01,0.01,0.06,0.03,0.03,0.05,0.03,0.01,0.01,0.2,0.04,0.01,0.01,0.05,0.02,0.01,0.02,0.05,0.02,0.01,0.02,0.05,0.01,0.01,0.03,0.05,0.01,0.01,0.03,0.04,0.01,0.01,0.04,0.03,0.01,0.01,0.05,0.02,0.03,0.04,0.04,0.01,0.01
"187",2023-05-13,"Sat",19,"May",0.04,0.03,0.01,0.01,0.05,0.01,0.01,0.03,0.04,0.01,0.01,0.04,0.02,0.01,0.01,0.05,0.01,0.01,0.03,0.04,0.92,0.07,0.03,0.09,0.02,0.06,0.01,0.01,0.04,0.02,0.01,0.03,0.04,0.01,0.01,0.05,0.02,0.01,0.04,0.03,0.02,0.04,0.05,0.02,0.01,0.05,0.01,0.01
"188",2023-05-14,"Sun",20,"May",0.04,0.03,0.01,0.02,0.04,0.01,0.01,0.05,0.02,0.01,0.03,0.04,0.01,0.01,0.05,0.02,0.01,0.03,0.04,0.02,0.12,2.1,0.91,0.19,0.05,0.02,0.01,0.04,0.13,0.36,0.47,0.02,0.15,0.02,0.02,0.03,0.01,0.05,0.02,0.05,0.03,0.04,0.04,0.01,0.05,0.02,0.02,0.04
"189",2023-05-15,"Mon",20,"May",0.01,0.03,0.03,0.01,0.04,0.03,0.01,0.04,0.02,0.01,0.04,0.02,0.01,0.04,0.22,0.04,0.01,0.05,0.01,0.01,0.04,0.02,0.01,0.03,0.03,0.01,0.02,0.04,0.01,0.01,0.05,0.02,0.01,0.03,0.03,0.01,0.01,0.05,0.01,0.01,0.04,0.03,0.02,0.03,0.04,0.01,0.01,0.04
"190",2023-05-16,"Tue",20,"May",0.02,0.01,0.02,0.04,0.01,0.01,0.04,0.02,0.01,0.02,0.05,0.01,0.01,0.05,0.22,0.05,0.03,0.01,0.01,0.05,0.02,0.01,0.02,0.05,0.01,0.01,0.04,0.03,0.01,0.01,0.05,0.02,0.01,0.03,0.04,0.01,0.01,0.04,0.02,0.01,0.02,0.06,0.02,0.01,0.03,0.03,0.01,0.01
"191",2023-05-17,"Wed",20,"May",0.05,0.02,0.01,0.02,0.05,0.01,0.01,0.04,0.03,0.01,0.01,0.05,0.01,0.01,0.16,0.04,0.01,0.02,0.05,0.01,0.01,0.04,0.03,0.01,0.02,0.05,0.01,0.01,0.04,0.03,0.01,0.02,0.05,0.01,0.01,0.04,0.03,0.01,0.06,0.05,0.49,0.27,0.07,0.01,0.01,0.04,0.03,0.01
"192",2023-05-18,"Thu",20,"May",0.02,0.05,0.01,0.01,0.04,0.03,0.01,0.02,0.05,0.01,0.01,0.04,0.03,0.01,0.19,0.04,0.01,0.02,0.04,0.01,0.01,0.04,0.02,0.01,0.03,0.04,0.01,0.01,0.05,0.02,0.01,0.03,0.03,0.01,0.02,0.05,0.01,0.01,0.04,0.03,0.01,0.04,0.04,0.02,0.02,0.05,0.01,0.01
"193",2023-05-19,"Fri",20,"May",0.04,0.02,0.01,0.03,0.04,0.01,0.01,0.05,0.02,0.01,0.03,0.03,0.01,0.01,0.21,0.04,0.01,0.03,0.03,0.01,0.02,0.05,0.01,0.01,0.05,0.02,0.01,0.03,0.04,0.01,0.01,0.05,0.01,0.01,0.04,0.03,0.01,0.02,0.04,0.01,0.01,0.05,0.02,0.01,0.03,0.04,0.01,0.01
"194",2023-05-20,"Sat",20,"May",0.05,0.01,0.01,0.04,0.03,0.01,0.02,0.05,0.01,0.01,0.05,0.02,0.01,0.02,0.04,0.01,0.01,0.05,0.02,0.01,0.03,0.05,0.02,0.06,0.05,0.02,0.01,0.03,0.05,0.03,0.05,0.03,0.01,0.34,0.58,0.02,0.01,0.04,0.04,0.01,0.01,0.05,0.02,0.01,0.05,0.03,0.01,0.03
"195",2023-05-21,"Sun",21,"May",0.04,0.01,0.01,0.05,0.02,0.01,0.03,0.03,0.01,0.02,0.05,0.01,0.01,0.04,0.03,0.01,0.02,0.05,0.03,0.26,0.08,0.04,0.03,0.03,0.01,0.05,0.04,0.01,0.01,0.05,0.02,0.01,0.03,0.05,0.01,0.08,0.57,1.64,0.9,0.08,0.12,0.05,0.03,0.03,0.05,0.02,0.05,0.02
"196",2023-05-22,"Mon",21,"May",0.04,0.03,0.02,0.04,0.01,0.05,0.02,0.02,0.04,0.01,0.04,0.02,0.01,0.05,0.14,0.05,0.02,0.01,0.05,0.01,0.02,0.05,0.01,0.02,0.04,0.01,0.02,0.04,0.01,0.02,0.05,0.01,0.01,0.05,0.01,0.01,0.05,0.01,0.01,0.04,0.02,0.01,0.04,0.03,0.01,0.03,0.05,0.01
"197",2023-05-23,"Tue",21,"May",0.02,0.05,0.01,0.01,0.05,0.02,0.01,0.04,0.03,0.01,0.02,0.04,0.01,0.01,0.22,0.03,0.01,0.03,0.03,0.01,0.02,0.04,0.01,0.01,0.05,0.02,0.01,0.04,0.03,0.01,0.03,0.04,0.01,0.01,0.05,0.01,0.01,0.04,0.03,0.01,0.42,0.66,0.03,0.02,0.05,0.02,0.01,0.04
"198",2023-05-24,"Wed",21,"May",0.02,0.01,0.03,0.03,0.01,0.03,0.04,0.01,0.01,0.05,0.01,0.01,0.05,0.02,0.13,0.07,0.03,0.03,0.05,0.02,0.01,0.03,0.04,0.01,0.01,0.05,0.02,0.01,0.03,0.04,0.01,0.02,0.05,0.01,0.01,0.04,0.03,0.11,0.11,0.64,0.41,0.07,0.04,0.02,0.05,0.01,0.02,0.05
"199",2023-05-25,"Thu",21,"May",0.01,0.02,0.05,0.01,0.01,0.05,0.01,0.01,0.05,0.02,0.01,0.04,0.03,0.01,0.03,0.04,0.01,0.02,0.06,0.01,0.01,0.05,0.02,0.14,0.05,0.01,0.04,0.03,0.03,0.07,0.03,0.02,0.05,0.01,0.03,0.03,0.38,0.05,0.02,0.03,0.05,0.01,0.02,0.05,0.01,0.01,0.05,0.01
"200",2023-05-26,"Fri",21,"May",0.01,0.05,0.02,0.01,0.04,0.02,0.01,0.04,0.03,0.01,0.03,0.04,0.01,0.02,0.21,0.04,0.01,0.05,0.01,0.01,0.05,0.02,0.01,0.04,0.02,0.01,0.04,0.03,0.01,0.03,0.04,0.01,0.02,0.05,0.01,0.01,0.05,0.01,0.01,0.05,0.03,0.02,0.04,0.03,0.01,0.03,0.04,0.01
"201",2023-05-27,"Sat",21,"May",0.02,0.05,0.01,0.01,0.05,0.01,0.01,0.04,0.02,0.01,0.04,0.03,0.01,0.03,0.04,0.01,0.02,0.35,0.07,0.03,0.04,0.02,0.01,0.04,0.03,0.01,0.05,0.04,0.02,0.2,0.05,0.03,0.01,1,0.8,0.1,0.01,0.05,0.03,0.01,0.03,0.05,0.02,0.03,0.06,0.02,0.01,0.05
"202",2023-05-28,"Sun",22,"May",0.03,0.01,0.04,0.06,0.02,0.06,0.04,0.01,0.02,0.05,0.02,0.01,0.05,0.03,0.01,0.04,0.03,0.06,0.11,0.45,0.38,1.24,0.32,0.09,0.04,0.02,0.01,0.05,0.49,1.12,0.44,0.37,0.23,0.12,0.05,0.01,0.05,0.01,0.07,0.05,0.05,0.1,0.1,0.06,0.02,0.04,0.03,0.02
"203",2023-05-29,"Mon",22,"May",0.04,0.01,0.05,0.02,0.03,0.03,0.01,0.05,0.01,0.02,0.04,0.01,0.04,0.02,0.16,0.04,0.01,0.04,0.02,0.01,0.05,0.01,0.02,0.04,0.01,0.03,0.04,0.01,0.03,0.03,0.01,0.04,0.03,0.01,0.04,0.02,0.01,0.04,0.02,0.01,0.04,0.02,0.04,0.07,0.02,0.01,0.05,0.02
"204",2023-05-30,"Tue",22,"May",0.01,0.05,0.03,0.01,0.04,0.04,0.01,0.02,0.05,0.01,0.01,0.05,0.02,0.21,0.07,0.01,0.01,0.05,0.01,0.01,0.05,0.02,0.01,0.04,0.02,0.01,0.04,0.02,0.01,0.04,0.03,0.01,0.04,0.03,0.01,0.03,0.03,0.01,0.03,0.03,0.01,0.03,0.04,0.01,0.06,0.06,0.02,0.03
"205",2023-05-31,"Wed",22,"May",0.04,0.01,0.03,0.03,0.01,0.04,0.03,0.01,0.04,0.03,0.01,0.04,0.02,0.01,0.21,0.04,0.01,0.04,0.02,0.01,0.04,0.02,0.01,0.05,0.02,0.01,0.05,0.02,0.01,0.06,0.03,0.05,0.05,0.02,0.01,0.05,0.03,0.01,0.04,0.03,0.01,0.03,0.08,0.1,0.03,0.05,0.01,0.02
"206",2023-06-01,"Thu",22,"Jun",0.05,0.01,0.01,0.05,0.01,0.01,0.05,0.02,0.01,0.05,0.02,0.01,0.04,0.03,0.15,0.05,0.01,0.03,0.04,0.01,0.03,0.03,0.01,0.04,0.03,0.01,0.04,0.02,0.01,0.05,0.02,0.01,0.05,0.01,0.01,0.05,0.01,0.02,0.05,0.01,0.02,0.05,0.01,0.02,0.04,0.25,0.05,0.01
"207",2023-06-02,"Fri",22,"Jun",0.02,0.05,0.01,0.02,0.04,0.01,0.03,0.04,0.01,0.03,0.04,0.01,0.03,0.04,0.01,0.03,0.04,0.16,0.06,0.01,0.01,0.05,0.01,0.01,0.05,0.01,0.02,0.05,0.01,0.02,0.05,0.01,0.02,0.05,0.01,0.02,0.05,0.01,0.02,0.05,0.01,0.02,0.05,0.01,0.02,0.05,0.01,0.02
"208",2023-06-03,"Sat",22,"Jun",0.05,0.01,0.01,0.05,0.01,0.01,0.06,0.02,0.01,0.05,0.02,0.01,0.05,0.02,0.01,0.04,0.02,0.01,0.04,0.02,0.02,0.12,0.1,0.35,0.16,0.01,0.02,0.04,0.01,0.03,0.04,0.01,0.03,0.04,0.01,0.03,0.04,0.01,0.03,0.07,0.1,0.09,0.04,0.01,0.04,0.03,0.01,0.04
"209",2023-06-04,"Sun",23,"Jun",0.03,0.01,0.04,0.03,0.01,0.04,0.03,0.01,0.04,0.03,0.01,0.04,0.03,0.01,0.03,0.03,0.01,0.03,0.03,0.01,0.42,0.09,0.03,0.07,0.19,0.59,0.2,0.04,0.01,0.11,0.03,0.01,0.04,0.03,0.01,0.04,0.03,0.01,0.04,0.03,0.01,0.04,0.03,0.01,0.04,0.03,0.01,0.03
"210",2023-06-05,"Mon",23,"Jun",0.04,0.01,0.03,0.04,0.01,0.02,0.05,0.01,0.02,0.05,0.01,0.01,0.05,0.02,0.01,0.05,0.02,0.01,0.04,0.03,0.01,0.04,0.03,0.01,0.03,0.04,0.01,0.04,0.03,0.01,0.03,0.13,0.01,0.02,0.04,0.73,0.49,0.01,0.06,0.14,0.09,0.04,0.02,0.05,0.01,0.03,0.03,0.01
"211",2023-06-06,"Tue",23,"Jun",0.04,0.02,0.02,0.05,0.01,0.03,0.03,0.01,0.04,0.02,0.01,0.05,0.01,0.02,0.28,0.03,0.02,0.04,0.01,0.03,0.03,0.01,0.05,0.02,0.02,0.05,0.01,0.02,0.04,0.01,0.03,0.03,0.01,0.04,0.03,0.01,0.04,0.02,0.01,0.19,0.84,0.19,0.07,0.03,0.02,0.04,0.02,0.01
"212",2023-06-07,"Wed",23,"Jun",0.05,0.01,0.01,0.05,0.01,0.02,0.05,0.01,0.02,0.04,0.01,0.02,0.04,0.01,0.03,0.04,0.01,0.03,0.19,0.03,0.05,0.01,0.02,0.05,0.01,0.02,0.05,0.01,0.02,0.04,0.01,0.02,0.04,0.01,0.02,0.09,0.01,0.25,0.13,0.13,0.24,0.06,0.05,0.03,0.01,0.05,0.03,0.01
"213",2023-06-08,"Thu",23,"Jun",0.05,0.02,0.01,0.05,0.05,0.03,0.06,0.04,0.01,0.03,0.05,0.01,0.02,0.05,0.17,0.05,0.02,0.01,0.04,0.03,0.01,0.04,0.03,0.01,0.04,0.03,0.01,0.04,0.03,0.01,0.04,0.03,0.01,0.04,0.03,0.01,0.03,0.03,0.01,0.03,0.03,0.15,0.27,0.06,0.02,0.01,0.05,0.02
"214",2023-06-09,"Fri",23,"Jun",0.01,0.04,0.03,0.01,0.03,0.04,0.01,0.02,0.05,0.01,0.02,0.05,0.01,0.01,0.21,0.03,0.01,0.04,0.03,0.01,0.04,0.03,0.01,0.04,0.03,0.01,0.04,0.03,0.01,0.04,0.03,0.01,0.04,0.03,0.01,0.04,0.03,0.01,0.04,0.03,0.01,0.04,0.03,0.01,0.04,0.03,0.01,0.06
"215",2023-06-10,"Sat",23,"Jun",0.01,0.01,0.05,0.02,0.01,0.05,0.02,0.01,0.05,0.02,0.01,0.04,0.02,0.01,0.04,0.02,0.01,0.04,0.04,0.01,0.22,0.88,0.89,0.55,0.08,0.01,0.03,0.04,0.01,0.03,0.03,0.01,0.04,0.04,0.12,0.16,0.13,0.09,0.04,0.01,0.04,0.3,0.11,0.17,0.12,0.06,0.02,0.02
"216",2023-06-11,"Sun",24,"Jun",0.04,0.01,0.04,0.03,0.01,0.04,0.02,0.01,0.05,0.01,0.02,0.05,0.01,0.02,0.04,0.01,0.02,0.05,0.02,0.05,0.09,0.73,0.28,0.09,0.01,0.05,0.02,0.04,0.16,0.13,0.14,0.59,0.06,0.09,0.11,0.11,0.17,0.16,0.16,0.31,0.04,0.01,0.04,0.03,0.01,0.04,0.05,0.01
"217",2023-06-12,"Mon",24,"Jun",0.02,0.05,0.01,0.03,0.04,0.01,0.03,0.04,0.01,0.03,0.04,0.01,0.03,0.04,0.01,0.17,0.06,0.01,0.02,0.05,0.01,0.03,0.04,0.01,0.03,0.04,0.01,0.03,0.03,0.01,0.04,0.03,0.37,0.37,0.39,0.37,0.05,0.79,1,0.13,0.05,0.05,0.02,0.05,0.01,0.05,0.02,0.04
"218",2023-06-13,"Tue",24,"Jun",0.02,0.03,0.03,0.02,0.04,0.01,0.05,0.02,0.03,0.04,0.01,0.05,0.02,0.03,0.24,0.03,0.01,0.05,0.01,0.03,0.04,0.01,0.04,0.02,0.01,0.05,0.01,0.02,0.04,0.01,0.03,0.03,0.01,0.04,0.03,0.01,0.05,0.02,0.02,0.05,0.01,0.35,0.06,0.02,0.04,0.03,0.01,0.05
"219",2023-06-14,"Wed",24,"Jun",0.02,0.01,0.05,0.02,0.02,0.05,0.01,0.03,0.04,0.01,0.03,0.04,0.01,0.04,0.21,0.02,0.02,0.04,0.01,0.03,0.03,0.01,0.04,0.03,0.01,0.05,0.02,0.01,0.05,0.01,0.02,0.05,0.01,0.03,0.04,0.01,0.04,0.03,0.01,0.04,0.03,0.01,0.05,0.07,0.1,0.04,0.01,0.04
"220",2023-06-15,"Thu",24,"Jun",0.06,0.03,0.06,0.04,0.01,0.04,0.04,0.01,0.04,0.04,0.01,0.04,0.03,0.01,0.2,0.05,0.01,0.03,0.04,0.01,0.03,0.04,0.01,0.04,0.03,0.01,0.05,0.02,0.01,0.05,0.02,0.02,0.05,0.01,0.03,0.04,0.01,0.03,0.04,0.02,0.04,0.01,0.03,0.05,0.02,0.03,0.04,0.01
"221",2023-06-16,"Fri",24,"Jun",0.04,0.03,0.01,0.05,0.02,0.02,0.05,0.01,0.03,0.04,0.01,0.03,0.03,0.01,0.2,0.05,0.01,0.04,0.02,0.01,0.05,0.01,0.02,0.04,0.01,0.03,0.03,0.01,0.04,0.02,0.01,0.05,0.02,0.02,0.05,0.01,0.03,0.04,0.01,0.04,0.03,0.01,0.04,0.02,0.01,0.05,0.02,0.02
"222",2023-06-17,"Sat",24,"Jun",0.05,0.01,0.03,0.04,0.01,0.03,0.23,0.12,0.05,0.02,0.02,0.05,0.01,0.02,0.04,0.01,0.03,0.04,0.01,0.04,0.03,0.01,0.04,0.02,0.01,0.5,0.61,1.37,0.54,0.03,0.01,0.05,0.02,0.4,0.84,1.01,0.35,0.15,0.05,0.03,0.01,0.05,0.03,0.03,0.06,0.04,0.01,0.04
"223",2023-06-18,"Sun",25,"Jun",0.04,0.01,0.04,0.03,0.01,0.04,0.03,0.01,0.05,0.03,0.01,0.07,0.02,0.06,0.05,0.02,0.01,0.05,0.03,0.01,0.08,0.32,0.94,0.08,0.04,0.09,0.04,0.01,0.04,0.03,0.01,0.04,0.03,0.01,0.05,0.02,0.01,0.05,0.02,0.02,0.5,0.44,0.17,0.05,0.03,0.06,0.03,0.03
"224",2023-06-19,"Mon",25,"Jun",0.04,0.02,0.05,0.01,0.05,0.01,0.04,0.02,0.03,0.04,0.01,0.05,0.01,0.05,0.31,0.03,0.02,0.05,0.01,0.04,0.03,0.02,0.05,0.01,0.03,0.03,0.01,0.05,0.02,0.02,0.05,0.01,0.03,0.04,0.01,0.04,0.03,0.16,0.33,0.13,0.12,0.07,0.03,0.05,0.03,0.01,0.05,0.02
"225",2023-06-20,"Tue",25,"Jun",0.02,0.05,0.01,0.03,0.04,0.01,0.04,0.03,0.01,0.05,0.02,0.01,0.05,0.01,0.02,0.05,0.01,0.21,0.04,0.01,0.04,0.03,0.01,0.04,0.03,0.01,0.05,0.02,0.01,0.05,0.01,0.02,0.05,0.01,0.03,0.04,0.25,1.16,0.1,0.06,0.04,0.04,0.02,0.04,0.03,0.01,0.04,0.03
"226",2023-06-21,"Wed",25,"Jun",0.01,0.05,0.02,0.02,0.05,0.01,0.02,0.04,0.01,0.03,0.04,0.01,0.04,0.03,0.01,0.05,0.03,0.22,0.04,0.01,0.05,0.05,0.05,0.04,0.01,0.03,0.04,0.01,0.03,0.05,0.01,0.03,0.05,0.01,0.03,0.04,0.01,0.03,0.04,0.01,0.03,0.04,0.01,0.04,0.03,0.01,0.04,0.34
"227",2023-06-22,"Thu",25,"Jun",0.03,0.03,0.04,0.01,0.03,0.04,0.01,0.04,0.03,0.01,0.04,0.03,0.01,0.05,0.02,0.01,0.05,0.17,0.05,0.02,0.01,0.05,0.02,0.02,0.05,0.01,0.02,0.05,0.01,0.03,0.04,0.01,0.03,0.04,0.01,0.04,0.03,0.01,0.05,0.02,0.05,0.04,0.02,0.05,0.03,0.04,0.03,0.01
"228",2023-06-23,"Fri",25,"Jun",0.05,0.02,0.01,0.05,0.01,0.02,0.05,0.01,0.03,0.04,0.01,0.04,0.03,0.01,0.04,0.03,0.01,0.2,0.03,0.01,0.04,0.03,0.01,0.05,0.02,0.02,0.05,0.01,0.03,0.04,0.01,0.03,0.03,0.01,0.15,0.14,0.02,0.06,0.02,0.02,0.04,0.11,0.48,0.15,0.13,0.16,0.1,0.01
"229",2023-06-24,"Sat",25,"Jun",0.05,0.02,0.02,0.05,0.01,0.03,0.04,0.01,0.04,0.03,0.01,0.05,0.02,0.02,0.05,0.01,0.03,0.04,0.02,0.15,0.48,0.65,0.63,0.94,0.59,0.22,0.02,0.05,0.05,0.01,0.04,0.03,0.03,0.07,0.11,0.17,0.16,0.08,0.06,0.03,0.02,0.06,0.02,0.05,0.07,0.04,0.05,0.02
"230",2023-06-25,"Sun",26,"Jun",0.03,0.05,0.01,0.04,0.04,0.01,0.05,0.03,0.01,0.05,0.02,0.02,0.05,0.02,0.02,0.05,0.01,0.03,0.05,0.01,0.03,0.04,0.01,1.14,0.07,0.03,0.05,0.02,0.06,0.5,0.24,0.28,0.47,0.68,0.35,1.18,0.06,0.42,0.16,0.06,0.08,0.03,0.04,0.06,0.01,0.05,0.02,0.05
"231",2023-06-26,"Mon",26,"Jun",0.05,0.05,0.04,0.01,0.04,0.05,0.05,0.02,0.01,0.05,0.05,0.01,0.02,0.22,0.06,0.03,0.01,0.03,0.05,0.03,0.01,0.03,0.05,0.03,0.01,0.03,0.05,0.03,0.01,0.03,0.05,0.03,0.01,0.03,0.05,0.03,0.01,0.02,0.66,0.55,0.24,0.19,0.1,0.02,0.04,0.05,0.04,0.01
"232",2023-06-27,"Tue",26,"Jun",0.04,0.05,0.03,0.01,0.04,0.06,0.05,0.02,0.06,0.05,0.05,0.03,0.01,0.08,0.07,0.05,0.02,0.01,0.03,0.05,0.04,0.01,0.02,0.05,0.05,0.01,0.01,0.05,0.05,0.02,0.01,0.03,0.05,0.03,0.01,0.02,0.05,0.05,0.01,0.03,0.08,0.09,0.02,0.03,0.06,0.04,0.01,0.01
"233",2023-06-28,"Wed",26,"Jun",0.05,0.05,0.02,0.01,0.03,0.05,0.03,0.01,0.02,0.05,0.04,0.01,0.01,0.18,0.06,0.03,0.01,0.02,0.05,0.04,0.01,0.01,0.05,0.05,0.01,0.01,0.04,0.05,0.02,0.01,0.04,0.05,0.02,0.01,0.03,0.05,0.03,0.01,0.4,0.17,0.14,0.04,0.05,0.05,0.02,0.01,0.04,0.05
"234",2023-06-29,"Thu",26,"Jun",0.01,0.01,0.04,0.05,0.02,0.01,0.03,0.05,0.02,0.01,0.03,0.05,0.03,0.11,0.06,0.04,0.01,0.01,0.05,0.05,0.01,0.01,0.04,0.05,0.02,0.01,0.03,0.05,0.02,0.01,0.03,0.05,0.03,0.01,0.02,0.05,0.04,0.01,0.01,0.05,0.05,0.01,0.01,0.04,0.05,0.02,0.01,0.03
